:020000040800F2
:1000000000800120250B0108879200088D920008CE
:1000100093920008999200089F9200080000000047
:10002000000000000000000000000000CD65000896
:10003000A59200080000000089650008B964000866
:10004000750B0108750B0108750B0108750B01088C
:10005000750B0108750B0108750B0108750B01087C
:10006000750B0108750B0108750B0108B3920008A8
:1000700079200008750B0108750B0108750B010844
:10008000C1920008CF920008DD920008750B0108AC
:10009000750B0108750B0108750B0108750B01083C
:1000A000750B0108ED920008750B0108750B01082E
:1000B000750B0108750B0108750B0108750B01081C
:1000C000750B0108750B0108750B0108750B01080C
:1000D000750B0108750B0108750B0108750B0108FC
:1000E000750B0108750B0108750B0108750B0108EC
:1000F000750B0108750B0108750B0108750B0108DC
:10010000750B0108750B0108750B0108750B0108CB
:10011000750B0108750B0108750B0108750B0108BB
:10012000750B0108750B0108750B0108750B0108AB
:10013000750B0108750B0108750B0108750B01089B
:10014000750B0108750B0108750B01080193000878
:10015000750B0108750B0108750B0108750B01087B
:10016000750B0108750B0108750B0108750B01086B
:10017000750B0108750B0108750B010800000000E4
:08018000750B0108750B010865
:1001880081F0004102E000BF83F0004330B54FEA40
:1001980041044FEA430594EA050F08BF90EA020FAD
:1001A8001FBF54EA000C55EA020C7FEA645C7FEA40
:1001B800655C00F0E2804FEA5454D4EB5555B8BF63
:1001C8006D420CDD2C4480EA020281EA030382EAD4
:1001D800000083EA010180EA020281EA0303362D66
:1001E80088BF30BD11F0004F4FEA01314FF4801C39
:1001F8004CEA113102D0404261EB410113F0004F4B
:100208004FEA03334CEA133302D0524263EB430301
:1002180094EA050F00F0A780A4F10104D5F1200E9F
:100228000DDB02FA0EFC22FA05F2801841F10001FA
:1002380003FA0EF2801843FA05F359410EE0A5F1CE
:1002480020050EF1200E012A03FA0EFC28BF4CF0FF
:10025800020C43FA05F3C01851EBE37101F00045B5
:1002680007D54FF0000EDCF1000C7EEB00006EEBC2
:100278000101B1F5801F1BD3B1F5001F0CD349084C
:100288005FEA30004FEA3C0C04F101044FEA4452A3
:1002980012F5800F80F09A80BCF1004F08BF5FEA2A
:1002A800500C50F1000041EB045141EA050130BD0A
:1002B8005FEA4C0C404141EB0101013C28BFB1F51C
:1002C800801FE9D291F0000F04BF01460020B1FA67
:1002D80081F308BF2033A3F10B03B3F120020CDA3A
:1002E8000C3208DD02F1140CC2F10C0201FA0CF018
:1002F80021FA02F10CE002F11402D8BFC2F1200C7D
:1003080001FA02F120FA0CFCDCBF41EA0C01904032
:10031800E41AA2BF01EB0451294330BD6FEA04047B
:100328001F3C1CDA0C340EDC04F11404C4F1200266
:1003380020FA04F001FA02F340EA030021FA04F378
:1003480045EA030130BDC4F10C04C4F1200220FACF
:1003580002F001FA04F340EA0300294630BD21FA0D
:1003680004F0294630BD94F0000F83F4801306BFD3
:1003780081F480110134013D4EE77FEA645C18BFC7
:100388007FEA655C29D094EA050F08BF90EA020F5E
:1003980005D054EA000C04BF1946104630BD91EA56
:1003A800030F1EBF0021002030BD5FEA545C05D159
:1003B8004000494128BF41F0004130BD14F5800498
:1003C8003CBF01F5801130BD01F0004545F0FE410C
:1003D80041F470014FF0000030BD7FEA645C1ABF41
:1003E800194610467FEA655C1CBF0B46024650EA78
:1003F800013406BF52EA033591EA030F41F40021A4
:1004080030BD00BF90F0000F04BF0021704730B529
:100418004FF4806404F132044FF000054FF00001FE
:1004280050E700BF90F0000F04BF0021704730B5BF
:100438004FF4806404F1320410F0004548BF404294
:100448004FF000013EE700BF42004FEAE2014FEAE9
:1004580031014FEA02701FBF12F07F4393F07F4FC4
:1004680081F06051704732F07F4208BF704793F0C7
:100478007F4F04BF41F40021704730B54FF46074DA
:1004880001F0004521F000411CE700BF50EA0102DD
:1004980008BF704730B54FF000050AE050EA010286
:1004A80008BF704730B511F0004502D5404261EBF6
:1004B80041014FF4806404F132045FEA915C3FF437
:1004C800D8AE4FF003025FEADC0C18BF03325FEAD4
:1004D800DC0C18BF033202EBDC02C2F1200300FA85
:1004E80003FC20FA02F001FA03FE40EA0E0021FAAA
:1004F80002F11444BDE600BF70B54FF0FF0C4CF498
:10050800E06C1CEA11541DBF1CEA135594EA0C0F49
:1005180095EA0C0F00F0DEF82C4481EA030621EA84
:100528004C5123EA4C5350EA013518BF52EA0335BF
:1005380041F4801143F4801338D0A0FB02CE4FF071
:100548000005E1FB02E506F00042E0FB03E54FF0A1
:100558000006E1FB03569CF0000F18BF4EF0010E99
:10056800A4F1FF04B6F5007F64F5407404D25FEA95
:100578004E0E6D4146EB060642EAC62141EA555148
:100588004FEAC52040EA5E504FEACE2EB4F1FD0C8A
:1005980088BFBCF5E06F1ED8BEF1004F08BF5FEA08
:1005A800500E50F1000041EB045170BD06F00046BA
:1005B80046EA010140EA020081EA0301B4EB5C0467
:1005C800C2BFD4EB0C0541EA045170BD41F480115F
:1005D8004FF0000E013C00F3AB8014F1360FDEBF84
:1005E800002001F0004170BDC4F10004203C35DA60
:1005F8000C341BDC04F11404C4F1200500FA05F3E3
:1006080020FA04F001FA05F240EA020001F0004283
:1006180021F0004110EBD37021FA04F642EB0601F9
:100628005EEA430E08BF20EAD37070BDC4F10C0423
:10063800C4F1200500FA04F320FA05F001FA04F2E7
:1006480040EA020001F0004110EBD37041F10001D3
:100658005EEA430E08BF20EAD37070BDC4F12005DE
:1006680000FA05F24EEA020E20FA04F301FA05F246
:1006780043EA020321FA04F001F0004121FA04F2EE
:1006880020EA020000EBD3705EEA430E08BF20EABE
:10069800D37070BD94F0000F0FD101F000464000F8
:1006A80041EB010111F4801F08BF013CF7D041EA7A
:1006B800060195F0000F18BF704703F0004652007E
:1006C80043EB030313F4801F08BF013DF7D043EA4F
:1006D8000603704794EA0C0F0CEA135518BF95EA05
:1006E8000C0F0CD050EA410618BF52EA4306D1D18C
:1006F80081EA030101F000414FF0000070BD50EAAB
:10070800410606BF1046194652EA430619D094EA34
:100718000C0F02D150EA013613D195EA0C0F05D11E
:1007280052EA03361CBF104619460AD181EA030172
:1007380001F0004141F0FE4141F470014FF000002A
:1007480070BD41F0FE4141F4780170BD70B54FF0C5
:10075800FF0C4CF4E06C1CEA11541DBF1CEA135545
:1007680094EA0C0F95EA0C0F00F0A7F8A4EB050427
:1007780081EA030E52EA03354FEA013100F088801E
:100788004FEA03334FF0805545EA131343EA1263E7
:100798004FEA022245EA111545EA10654FEA00269C
:1007A8000EF000419D4208BF964244F1FD0404F555
:1007B800407402D25B084FEA3202B61A65EB0305B1
:1007C8005B084FEA32024FF480104FF4002CB6EB6E
:1007D800020E75EB030E22BFB61A754640EA0C00EE
:1007E8005B084FEA3202B6EB020E75EB030E22BF2E
:1007F800B61A754640EA5C005B084FEA3202B6EB6F
:10080800020E75EB030E22BFB61A754640EA9C002D
:100818005B084FEA3202B6EB020E75EB030E22BFFD
:10082800B61A754640EADC0055EA060E18D04FEABB
:10083800051545EA16754FEA06164FEAC30343EA5B
:1008480052734FEAC2025FEA1C1CC0D111F4801F28
:100858000BD141EA00014FF000004FF0004CB6E721
:1008680011F4801F04BF01430020B4F1FD0C88BFC0
:10087800BCF5E06F3FF6AFAEB5EB030C04BFB6EBCB
:10088800020C5FEA500C50F1000041EB045170BDBE
:100898000EF0004E4EEA113114EB5C04C2BFD4EBEB
:1008A8000C0541EA045170BD41F480114FF0000E6F
:1008B800013C90E645EA060E8DE60CEA135594EAEB
:1008C8000C0F08BF95EA0C0F3FF43BAF94EA0C0FEE
:1008D8000AD150EA01347FF434AF95EA0C0F7FF463
:1008E80025AF104619462CE795EA0C0F06D152EAB7
:1008F80003353FF4FDAE1046194622E750EA41069B
:1009080018BF52EA43067FF4C5AE50EA41047FF4AB
:100918000DAF52EA43057FF4EBAE12E74FF0FF3C10
:1009280006E000BF4FF0010C02E000BF4FF0010CE1
:100938004DF804CD4FEA410C7FEA6C5C4FEA430C5A
:1009480018BF7FEA6C5C1BD001B050EA410C0CBFA9
:1009580052EA430C91EA030F02BF90EA020F00200B
:10096800704710F1000F91EA030F58BF994208BF72
:1009780090422CBFD8176FEAE37040F0010070472F
:100988004FEA410C7FEA6C5C02D150EA013C07D186
:100998004FEA430C7FEA6C5CD6D152EA033CD3D0D1
:1009A8005DF8040B704700BF8446104662468C46CB
:1009B8001946634600E000BF01B5FFF7B7FF0028FE
:1009C80048BF10F1000F01BD4DF808EDFFF7F4FF27
:1009D8000CBF012000205DF808FB00BF4DF808EDB2
:1009E800FFF7EAFF34BF012000205DF808FB00BFD5
:1009F8004DF808EDFFF7E0FF94BF012000205DF8F7
:100A080008FB00BF4DF808EDFFF7CEFF94BF0120AB
:100A180000205DF808FB00BF4DF808EDFFF7C4FFA4
:100A280034BF012000205DF808FB00BF4FEA410CED
:100A38007FEA6C5C02D150EA013C0AD14FEA430CD0
:100A48007FEA6C5C02D152EA033C02D14FF000000D
:100A580070474FF0010070474FEA410212F500124B
:100A680015D211D56FF47873B3EB625212D94FEAED
:100A7800C12343F0004343EA505311F0004F23FAD7
:100A880002F018BF404270474FF00000704750EA2C
:100A9800013005D111F0004008BF6FF000407047E9
:100AA8004FF00000704700BF4A0011D212F5001243
:100AB80011D20DD56FF47873B3EB62520ED44FEAAE
:100AC800C12343F0004343EA505323FA02F070472E
:100AD8004FF00000704750EA013002D14FF0FF306C
:100AE80070474FF0000070474FEA4102B2F1E0430F
:100AF80024BFB3F5001CDCF1FE5C0DD901F0004CFD
:100B08004FEAC0024CEA5070B2F1004F40EB83004C
:100B180008BF20F00100704711F0804F21D113F178
:100B28003872BCBF01F00040704741F480114FEAB1
:100B38005252C2F11802C2F1200C10FA0CF320FA3A
:100B480002F018BF40F001004FEAC1234FEAD32357
:100B580003FA0CFC40EA0C0023FA02F34FEA4303C1
:100B6800CCE77FEA625307D150EA01331EBF4FF04A
:100B7800FE4040F44000704701F0004040F0FE4065
:100B880040F40000704700BF0348044B834202D082
:100B9800034B03B118477047B8020020B802002081
:100BA800000000000548064B1B1AD90F01EBA301F2
:100BB800491002D0034B03B118477047B802002010
:100BC800B80200200000000010B5064C237843B995
:100BD800FFF7DAFF044B13B10448AFF30080012399
:100BE800237010BDB8020020000000004410010866
:100BF80008B5054B1BB105490548AFF30080BDE8B2
:100C08000840FFF7CFBF00BF00000000BC02002073
:100C18004410010880B485B000AF78607B681B6819
:100C280003F06003FB60FB68002B04D17B681B6842
:100C380003F01003FB60FB6818461437BD465DF8E7
:100C4800047B704780B483B000AF78607B681B6B0F
:100C580018460C37BD465DF8047B704780B483B0F6
:100C680000AF786039607B681A6A3B681A437B6812
:100C78001A6200BF0C37BD465DF8047B704780B42C
:100C880083B000AF786039607B681A6A3B68DB43E1
:100C98001A407B681A6200BF0C37BD465DF8047BBA
:100CA800704780B483B000AF78607B685B6C43F4B6
:100CB80000427B685A6400BF0C37BD465DF8047B70
:100CC800704780B483B000AF78607B68DB6843F01E
:100CD80001027B68DA6000BF0C37BD465DF8047B13
:100CE800704780B483B000AF78607B68DB6823F01E
:100CF80001027B68DA6000BF0C37BD465DF8047BF3
:100D0800704780B483B000AF78607B68DB6803F01D
:100D18000103012B01D1012300E0002318460C3701
:100D2800BD465DF8047B704780B483B000AF78603F
:100D38007B68DB6843F002027B68DA6000BF0C372F
:100D4800BD465DF8047B704780B483B000AF78601F
:100D58007B68DB6823F002027B68DA6000BF0C372F
:100D6800BD465DF8047B704780B483B000AF7860FF
:100D78007B68DB6803F00203022B01D1012300E04A
:100D8800002318460C37BD465DF8047B704780B4D5
:100D980083B000AF78607B68DB6843F004027B684F
:100DA800DA6000BF0C37BD465DF8047B704780B43D
:100DB80083B000AF78607B68DB6823F004027B684F
:100DC800DA6000BF0C37BD465DF8047B704780B41D
:100DD80083B000AF78607B68DB6803F00403042B02
:100DE80001D1012300E0002318460C37BD465DF809
:100DF800047B704780B483B000AF78607B68DB68A1
:100E080043F008027B68DA6000BF0C37BD465DF826
:100E1800047B704780B483B000AF78607B68DB6880
:100E280023F008027B68DA6000BF0C37BD465DF826
:100E3800047B704780B483B000AF78607B68DB6860
:100E480003F00803082B01D1012300E00023184612
:100E58000C37BD465DF8047B704780B483B000AFA3
:100E680078607B68DB6843F010027B68DA6000BF5B
:100E78000C37BD465DF8047B704780B483B000AF83
:100E880078607B68DB6823F010027B68DA6000BF5B
:100E98000C37BD465DF8047B704780B483B000AF63
:100EA80078607B68DB6803F01003102B01D1012305
:100EB80000E0002318460C37BD465DF8047B7047F8
:100EC80080B483B000AF78607B68DB6843F02002B1
:100ED8007B68DA6000BF0C37BD465DF8047B70475D
:100EE80080B483B000AF78607B68DB6823F02002B1
:100EF8007B68DA6000BF0C37BD465DF8047B70473D
:100F080080B483B000AF78607B68DB6803F02003AF
:100F1800202B01D1012300E0002318460C37BD46E1
:100F28005DF8047B704780B483B000AF78607B685D
:100F3800DB6843F040027B68DA6000BF0C37BD46CF
:100F48005DF8047B704780B483B000AF78607B683D
:100F5800DB6823F040027B68DA6000BF0C37BD46CF
:100F68005DF8047B704780B483B000AF78607B681D
:100F7800DB6803F04003402B01D1012300E000238C
:100F880018460C37BD465DF8047B704780B483B0C3
:100F980000AF78607B68DB6843F080027B68DA60CA
:100FA80000BF0C37BD465DF8047B704780B483B042
:100FB80000AF78607B68DB6823F080027B68DA60CA
:100FC80000BF0C37BD465DF8047B704780B483B022
:100FD80000AF78607B68DB6803F08003802B01D169
:100FE800012300E0002318460C37BD465DF8047B5A
:100FF800704780B582B000AF78600B467B807B88F5
:1010080003F00103002B0CD07B681B681846FFF720
:10101800AAFF0346012B04D07B681B681846FFF71C
:1010280082FF7B8803F00203002B0CD07B681B68CF
:101038001846FFF799FE0346012B04D07B681B680E
:101048001846FFF771FE7B8803F00403002B0CD0D1
:101058007B681B681846FFF7BAFE0346012B04D0CD
:101068007B681B681846FFF792FE7B8803F008032D
:10107800002B0CD07B681B681846FFF7DBFE034685
:10108800012B04D07B681B681846FFF7B3FE7B88EA
:1010980003F01003002B0CD07B681B681846FFF781
:1010A800FCFE0346012B04D07B681B681846FFF73B
:1010B800D4FE7B8803F02003002B0CD07B681B68D0
:1010C8001846FFF71EFE0346012B04D07B681B68F9
:1010D8001846FFF7F6FD7B8803F04003002B0CD081
:1010E8007B681B681846FFF771FF0346012B04D085
:1010F8007B681B681846FFF749FF7B8803F080036D
:10110800002B0CD07B681B681846FFF7F9FE0346D6
:10111800012B04D07B681B681846FFF7D1FE00BF7F
:101128000837BD4680BD80B582B000AF78600B46F9
:101138007B807B8803F00103002B0CD07B681B6845
:101148001846FFF710FF0346012B04D17B681B6884
:101158001846FFF7F8FE7B8803F00203002B0CD03B
:101168007B681B681846FFF7FFFD0346012B04D177
:101178007B681B681846FFF7E7FD7B8803F00403CC
:10118800002B0CD07B681B681846FFF720FE03462F
:10119800012B04D17B681B681846FFF708FE7B8883
:1011A80003F00803002B0CD07B681B681846FFF778
:1011B80041FE0346012B04D17B681B681846FFF7E4
:1011C80029FE7B8803F01003002B0CD07B681B687A
:1011D8001846FFF762FE0346012B04D17B681B68A3
:1011E8001846FFF74AFE7B8803F02003002B0CD03B
:1011F8007B681B681846FFF784FD0346012B04D063
:101208007B681B681846FFF76CFD7B8803F040037A
:10121800002B0CD07B681B681846FFF7D7FE0346E7
:10122800012B04D17B681B681846FFF7BFFE7B883B
:1012380003F08003002B0CD07B681B681846FFF76F
:101248005FFE0346012B04D17B681B681846FFF735
:1012580047FE00BF0837BD4680BD000080B582B09C
:1012680000AF78600B46FB70FB78022B06D17B68D9
:101278001B6801211846FFF7F1FC31E07B681B6809
:10128800194A934213D07B681B68184A93420ED0C0
:101298007B681B68164A934209D07B681B68154A0D
:1012A800934204D07B681B68134A934218D1FB7899
:1012B800032B06D17B681B6804211846FFF7CEFC78
:1012C8000EE0FB78042B0BD17B681B6801211846C4
:1012D800FFF7C4FC7B681B6804211846FFF7BEFCB7
:1012E80000BF0837BD4680BD002C014000340140D6
:1012F80000400140004401400048014080B582B0F0
:1013080000AF78600B46FB70FB78022B06D17B6838
:101318001B6801211846FFF7B2FC31E07B681B68A7
:10132800194A934213D07B681B68184A93420ED01F
:101338007B681B68164A934209D07B681B68154A6C
:10134800934204D07B681B68134A934218D1FB78F8
:10135800032B06D17B681B6804211846FFF78FFC16
:101368000EE0FB78042B0BD17B681B680121184623
:10137800FFF785FC7B681B6804211846FFF77FFC94
:1013880000BF0837BD4680BD002C01400034014035
:1013980000400140004401400048014080B582B04F
:1013A80000AF78600B46FB70FB78022B06D17B6898
:1013B8001B6810211846FFF751FC31E07B681B6859
:1013C800194A934213D07B681B68184A93420ED07F
:1013D8007B681B68164A934209D07B681B68154ACC
:1013E800934204D07B681B68134A934218D1FB7858
:1013F800032B06D17B681B6840211846FFF72EFC9B
:101408000EE0FB78042B0BD17B681B681021184673
:10141800FFF724FC7B681B6840211846FFF71EFC79
:1014280000BF0837BD4680BD002C01400034014094
:1014380000400140004401400048014080B582B0AE
:1014480000AF78600B46FB70FB78022B06D17B68F7
:101458001B6810211846FFF712FC31E07B681B68F7
:10146800194A934213D07B681B68184A93420ED0DE
:101478007B681B68164A934209D07B681B68154A2B
:10148800934204D07B681B68134A934218D1FB78B7
:10149800032B06D17B681B6840211846FFF7EFFB3A
:1014A8000EE0FB78042B0BD17B681B6810211846D3
:1014B800FFF7E5FB7B681B6840211846FFF7DFFB59
:1014C80000BF0837BD4680BD002C014000340140F4
:1014D80000400140004401400048014080B582B00E
:1014E80000AF78600B46FB70FB78022B07D17B6856
:1014F8001B684FF480711846FFF7B0FB34E07B6837
:101508001B681B4A934213D07B681B68194A934295
:101518000ED07B681B68184A934209D07B681B6809
:10152800164A934204D07B681B68154A93421BD124
:10153800FB78032B07D17B681B684FF48061184642
:10154800FFF78CFB10E0FB78042B0DD17B681B6840
:101558004FF480711846FFF781FB7B681B684FF4D6
:1015680080611846FFF77AFB00BF0837BD4680BD8B
:10157800002C01400034014000400140004401407B
:101588000048014080B582B000AF78600B46FB7020
:10159800FB78022B07D17B681B684FF480711846D3
:1015A800FFF76DFB34E07B681B681B4A934213D03E
:1015B8007B681B68194A93420ED07B681B68184ADF
:1015C800934209D07B681B68164A934204D07B6813
:1015D8001B68154A93421BD1FB78032B07D17B6804
:1015E8001B684FF480611846FFF749FB10E0FB7851
:1015F800042B0DD17B681B684FF480711846FFF7E8
:101608003EFB7B681B684FF480611846FFF737FB89
:1016180000BF0837BD4680BD002C014000340140A2
:1016280000400140004401400048014080B582B0BC
:1016380000AF78600B46FB70FB78022B06D17B6805
:101648001B684FF480511846FFF708FB00BF0837A6
:10165800BD4680BD80B582B000AF78600B46FB7098
:10166800FB78022B06D17B681B684FF48051184623
:10167800FFF705FB00BF0837BD4680BD80B584B0C5
:1016880000AF78600023FB607B681B68304A934298
:1016980001D1304BFB607B681A68FB681A60FB68F5
:1016A8001B681846FFF7B6FAB860BB68002B06D06F
:1016B800BB68102B03D0FB6801221A7102E0FB689B
:1016C80000221A71FB681B68234A934213D0FB68F7
:1016D8001B68224A93420ED0FB681B68204A93423B
:1016E80009D0FB681B681F4A934204D0FB681B683B
:1016F8001D4A934204D1FB681B681846FFF7D1FACC
:10170800FB681B68144A934213D0FB681B68134A92
:1017180093420ED0FB681B68114A934209D0FB68BC
:101728001B68104A934204D0FB681B680E4A934218
:1017380008D17B681B681846FFF784FA0346DAB2BB
:10174800FB685A71FB6818461037BD4680BD00BF5C
:1017580000040040D4020020002C01400034014065
:1017680000400140004401400048014080B485B079
:1017780000AF786039603B68002B03D17B68403349
:10178800FB6001E0044BFB60FB6818461437BD465C
:101798005DF8047B704700BF0C03045080B483B02D
:1017A80000AF78607B68DB6803F44063002B01D1ED
:1017B800012300E0002318460C37BD465DF8047B82
:1017C800704780B483B000AF786039607B681B6B6A
:1017D80023F00F023B681A437B681A6300BF0C377B
:1017E800BD465DF8047B704780B483B000AF786075
:1017F80039607B68DB6823F003023B681A437B6827
:10180800DA6000BF0C37BD465DF8047B704780B4D2
:1018180083B000AF78607B68DB6C03F0C003002BFB
:1018280001D1012300E0002318460C37BD465DF8BE
:10183800047B704780B483B000AF78607B689B6896
:1018480023F0004323F03F0343F001027B689A60D2
:1018580000BF0C37BD465DF8047B704780B483B089
:1018680000AF78607B689B6823F0004323F03F0358
:1018780043F002027B689A6000BF0C37BD465DF8F2
:10188800047B704780B483B000AF78607B689B6846
:1018980003F00103012B01D1012300E000231846C6
:1018A8000C37BD465DF8047B704780B483B000AF49
:1018B800786039607B689B6823F0404323F03F03DE
:1018C8003A6802F08042134343F000427B689A6012
:1018D80000BF0C37BD465DF8047B704780B483B009
:1018E80000AF78607B689B6803F00043B3F1004F5A
:1018F80001D1012300E0002318460C37BD465DF8EE
:10190800047B704780B483B000AF78607B689B68C5
:1019180023F0004323F03F0343F004027B689A60FE
:1019280000BF0C37BD465DF8047B704780B483B0B8
:1019380000AF78607B689B6823F0004323F03F0387
:1019480043F008027B689A6000BF0C37BD465DF81B
:10195800047B704780B483B000AF78607B681B68F5
:1019680003F00803082B01D1012300E000231846E7
:101978000C37BD465DF8047B704780B483B000AF78
:1019880078607B681B6803F01003102B01D10123DA
:1019980000E0002318460C37BD465DF8047B70470D
:1019A80080B483B000AF78607B6810221A6000BFF3
:1019B8000C37BD465DF8047B704780B483B000AF38
:1019C80078607B685B6843F008027B685A6000BFF8
:1019D8000C37BD465DF8047B704780B483B000AF18
:1019E80078607B685B6843F040027B685A6000BFA0
:1019F8000C37BD465DF8047B704780B483B000AFF8
:101A080078607B685B6823F008027B685A6000BFD7
:101A18000C37BD465DF8047B704780B483B000AFD7
:101A280078607B685B6823F010027B685A6000BFAF
:101A38000C37BD465DF8047B704780B483B000AFB7
:101A480078607B685B6823F040027B685A6000BF5F
:101A58000C37BD465DF8047B704780B483B000AF97
:101A680078607B685B6823F080027B685A6000BFFF
:101A78000C37BD465DF8047B704780B483B000AF77
:101A880078607B685B6803F01003102B01D1012399
:101A980000E0002318460C37BD465DF8047B70470C
:101AA80080B483B000AF78607B685B6803F0800324
:101AB800802B01D1012300E0002318460C37BD46D6
:101AC8005DF8047B7047000080B485B000AF786093
:101AD80039607B68FB600C4A3B6813441B781A46E4
:101AE800FB6813441B6808493A680A44127811468F
:101AF800FA680A4443F00103136000BF1437BD4677
:101B08005DF8047B704700BFB410010880B485B04D
:101B180000AF786039607B68FB600C4A3B6813440F
:101B28001B781A46FB6813441B6808493A680A443C
:101B380012781146FA680A4423F00103136000BFC3
:101B48001437BD465DF8047B704700BFB410010828
:101B580080B485B000AF786039607B68FB60084A64
:101B68003B6813441B781A46FB6813441B6803F050
:101B7800200318461437BD465DF8047B704700BF44
:101B8800B410010880B487B000AFF860B9607A601B
:101B9800FB687B610D4ABB6813441B781A467B6956
:101BA80013445B681B0C1B040849BA680A44127882
:101BB80011467A690A4411467A6813434B6000BF9C
:101BC8001C37BD465DF8047B704700BFB4100108A0
:101BD80080B487B000AFF860B9607A603B60FB689A
:101BE8007B613B6A102B14D1174ABB6813441B78DE
:101BF8001A467B6913441A467B68D360124ABB684D
:101C080013441B781A467B6913441A463B68936051
:101C180013E00D4ABB6813441B781A467B691344CA
:101C28001A467B689360084ABB6813441B781A46B7
:101C38007B6913441A463B68D36000BF1C37BD4616
:101C48005DF8047B704700BFB410010880B487B00A
:101C580000AFF860B9607A60FB687B61074ABB68CF
:101C680013441B781A467B6913441A467B689360B1
:101C780000BF1C37BD465DF8047B7047B4100108EF
:101C880080B483B000AF78607B681B6803F02003E2
:101C9800202B01D1012300E0002318460C37BD4654
:101CA8005DF8047B704780B483B000AF78607B68D0
:101CB80020225A6000BF0C37BD465DF8047B704790
:101CC80080B485B000AF786039607B68FB600C4AEF
:101CD8003B6813441B781A46FB6813441B68084981
:101CE8003A680A4412781146FA680A4443F0020333
:101CF800136000BF1437BD465DF8047B704700BF12
:101D0800B410010880B485B000AF786039607B6892
:101D1800FB600C4A3B6813441B781A46FB68134463
:101D28001B6808493A680A4412781146FA680A4456
:101D380043F00803136000BF1437BD465DF8047B09
:101D4800704700BFB410010880B485B000AF786058
:101D580039607B68FB600C4A3B6813441B781A4661
:101D6800FB6813441B6808493A680A44127811460C
:101D7800FA680A4423F00203136000BF1437BD4613
:101D88005DF8047B704700BFB410010880B485B0CB
:101D980000AF786039607B68FB600C4A3B6813448D
:101DA8001B781A46FB6813441B6808493A680A44BA
:101DB80012781146FA680A4423F00403136000BF3E
:101DC8001437BD465DF8047B704700BFB4100108A6
:101DD80080B485B000AF786039607B68FB600C4ADE
:101DE8003B6813441B781A46FB6813441B68084970
:101DF8003A680A4412781146FA680A4423F008033C
:101E0800136000BF1437BD465DF8047B704700BF00
:101E1800B410010880B485B000AF786039607B6881
:101E2800FB600A4A3B6813441B781A46FB68134454
:101E38001B6803F00203022B01D1012300E00023F9
:101E480018461437BD465DF8047B7047B410010886
:101E580080B584B000AF78600123FB817B681B6983
:101E68001846FFF79BFC0346002B2FD07B685B7A54
:101E7800DBB2022B11D07B685B7ADBB2042B0CD06F
:101E88007B685B7ADBB2082B07D07B681B69184636
:101E9800FFF760FD0346012B18D1786800F0F8F8C9
:101EA8000346002B12D17B685B7ADBB2082B03D187
:101EB8007B6801225A7202E07B6820225A727B6892
:101EC8001B691846FFF71EFD0023FB81FB89184696
:101ED8001037BD4680BD80B586B002AFF860B960E6
:101EE8007A603B600021F868FFF740FC03461A4619
:101EF8007968B868FFF7AAFE0021F868FFF736FC92
:101F080002463B68002100917968B868FFF760FED7
:101F1800BA697968B868FFF735FE7968B868FFF775
:101F2800CFFE7968B868FFF7EDFE7968B868FFF703
:101F3800CBFD00BF1037BD4680BD80B584B000AF73
:101F4800F860B9607A607968B868FFF7DFFD79688A
:101F5800B868FFF71BFF7968B868FFF739FF796839
:101F6800B868FFF7F1FE00227968B868FFF70AFE43
:101F780000BF1037BD4680BD80B584B000AF786023
:101F880039600223FB737B68DB79012B0FD17B68F7
:101F9800DA687B681B685B00D118FB7B7A6812687B
:101FA80002FB03F31A4638680FF03AF80AE07B6838
:101FB800D968FB7B7A68126802FB03F31A46386813
:101FC8000FF02EF800BF1037BD4680BD80B586B033
:101FD80000AFF860B9607A60FB685A69FB689B7962
:101FE80019461046FFF716FF0346DBB2012B37D11F
:101FF800FB685A69BB68104698470346012B2FD1E6
:10200800FB6804225A72FB685A697B681046984735
:10201800FB685A69FB689B7919461046FFF798FDDB
:102028000346002B19D1FB685A69FB689B7919464E
:102038001046FFF76BFDFB685869FB689B791946EA
:10204800FB681B681A46FFF79DFDFB685A69FB6829
:102058009B7919461046FFF737FD0123FB7501E010
:102068000023FB75FB7D18461837BD4680BD000070
:1020780080B500AF034A04490448FFF7A7FF00BF33
:1020880080BD00BFAF1C0008891C00086003002049
:1020980080B582B000AF78607B681B691846FFF78F
:1020A8006CFC0346DBB2012B07D17B681B69184621
:1020B800FFF776FC7B6810225A727B685B7ADBB28A
:1020C800102B0CBF01230023DBB218460837BD468E
:1020D80080BD80B582B000AF78600B46FB70FB789E
:1020E800012B0DD17B681B691846FFF757FB034688
:1020F800012B12D07B681B691846FFF703FC0CE024
:102108007B681B691846FFF782FB0346012B04D046
:102118007B681B691846FFF709FC00BF0837BD46F6
:1021280080BD000090B589B002AFF860084611463E
:102138001A4603467B810B463B811346FB800023EE
:102148007B61FB681B693C4A934201D13B4B7B6135
:102158007B69002B6BD0FB681A697B691A617B6904
:102168000022DA71FB88012B61D03B89002B47D014
:102178007B695B7ADBB2082B42D0FB68DA687B6943
:10218800DA60FB681A687B691A60FB685A697B69C0
:102198005A61FB689A797B699A71FB681A797B693D
:1021A8001A717B691B69B96A1846FFF70AFB7B89B4
:1021B800012B21D07B89042B16D17B691B69032154
:1021C8001846FFF711FB7B6918697B6959697B69B8
:1021D8009B791C467B69DA687B691B680093134608
:1021E8002246FFF778FE07E07B89022B04D17B6942
:1021F8001B691846FFF7E1FB7B6908225A7216E053
:102208003B89002B13D17B699B7ADBB2082B0ED05C
:10221800FB685A797B695A717B89022B04D17B69E7
:102228001B691846FFF7D9FB7B6908229A727B69FC
:1022380018461C37BD4690BD0001045060030020BD
:1022480080B582B000AF78607B681B691846FFF7DD
:1022580019FB0346002B04D17B681B691846FFF75E
:10226800E9FA00BF0837BD4680BD80B586B000AF2B
:10227800F8600B467A607B810123FB82FB681B694F
:10228800002B46D07B89012B05D1F868FFF7E0FDCC
:102298000346FB823DE07B89042B1FD1FB681B6949
:1022A8001846FFF77BFA0346002B32D0FB68012261
:1022B8005A72FB681B691846FFF724FB00BFFB68CE
:1022C8005B7ADBB2042BFAD17968F868FFF754FE21
:1022D800FB6808225A720023FB821AE07B89022BD2
:1022E80017D1FB685B7ADBB2202B09D0FB685B7ADD
:1022F800DBB2042B04D0FB685B7ADBB2102B08D16D
:10230800FB6808225A727968F868FFF735FE0023DF
:10231800FB82FB8A18461837BD4680BD80B582B05F
:1023280000AF78600B467B8013463B807B681B6957
:102338001846FFF7A7FA0346002B04D07B681B69F1
:102348001846FFF78BFA7B681B691846FFF7A8FB4E
:102358000346002B04D07B681B691846FFF77DFBFA
:102368007B681B691846FFF788FB0346002B04D0DF
:102378007B681B691846FFF750FB3B88002B35D05C
:102388007B88012B1AD07B88022B05D17B681B69BF
:102398001846FFF732FB11E07B88042B0ED17B68CF
:1023A80018697B6859697B689B791A46FFF7C5FDF0
:1023B8007B681B6900211846FFF716FA7B68002224
:1023C800DA607B6800221A607B6800225A617B68A9
:1023D80000229A717B6800221A717B681A697B68EF
:1023E8001B7919461046FFF7ECF90AE07B680022D2
:1023F8005A717B88022B04D17B681B691846FFF74A
:102408001CFB00BF0837BD4680BD000080B584B006
:1024180000AF78600B46FB707B681B691846FFF7B6
:1024280031FA0346FB7397F90F30012B04D17B680F
:102438001B691846FFF712FAFB78002B0FD17B684F
:102448001B697F211846FFF730FA00BF7B681B69BC
:102458001846FFF743FA0346012BF7D040E0FB7814
:10246800012B0FD17B681B692C491846FFF71DFA11
:1024780000BF7B681B691846FFF730FA0346012B3B
:10248800F7D02DE07B681B697F211846FFF70DFA0E
:1024980000BF7B681B691846FFF720FA0346012B2B
:1024A800F7D00023BB8107E000BFBB891BB29BB2FA
:1024B80001339BB21BB2BB81BB891BB29BB2032BFE
:1024C800F2D97B681B6915491846FFF7EEF900BF7A
:1024D8007B681B691846FFF701FA0346012BF7D002
:1024E8000023BB8107E000BFBB891BB29BB201334D
:1024F8009BB21BB2BB81BB891BB29BB2032BF2D927
:1025080097F90F30012B04D17B681B691846FFF738
:1025180091F900BF1037BD4680BD00BF00007F4065
:1025280080B483B000AF78607B681B6843F0010219
:102538007B681A6000BF0C37BD465DF8047B7047A6
:1025480080B483B000AF78607B681B6823F0010219
:102558007B681A6000BF0C37BD465DF8047B704786
:1025680080B483B000AF786039607B681B6823F063
:1025780004023B681A437B681A6000BF0C37BD46EB
:102588005DF8047B704780B483B000AF78607B68E7
:102598001B6803F0040318460C37BD465DF8047B3E
:1025A800704780B483B000AF78607B68DB6A1846F8
:1025B8000C37BD465DF8047B704780B483B000AF2C
:1025C800786039607B683A681A6300BF0C37BD468B
:1025D8005DF8047B704780B483B000AF78603960E1
:1025E8007B683A685A6300BF0C37BD465DF8047BC8
:1025F800704780B483B000AF786039607B683A6810
:102608009A6300BF0C37BD465DF8047B704780B401
:1026180083B000AF786039607B683A68DA6300BFDE
:102628000C37BD465DF8047B704780B483B000AFBB
:10263800786039607B683A681A6400BF0C37BD4619
:102648005DF8047B704780B483B000AF78607B6826
:102658005B6B18460C37BD465DF8047B704780B449
:1026680083B000AF78607B689B6B18460C37BD461B
:102678005DF8047B704780B483B000AF78607B68F6
:10268800DB6B18460C37BD465DF8047B704780B499
:1026980083B000AF78607B681B6C18460C37BD466A
:1026A8005DF8047B704780B483B000AF78607B68C6
:1026B8005B6943F001027B685A6100BF0C37BD4675
:1026C8005DF8047B704780B483B000AF78607B68A6
:1026D8001B6918460C37BD465DF8047B704780B40B
:1026E80083B000AF786039607B683A689A6100BF50
:1026F8000C37BD465DF8047B704780B483B000AFEB
:10270800786039607B683A689A6200BF0C37BD46CA
:102718005DF8047B7047000080B584B000AF786036
:1027280087ED000AD7ED007AF5EEC07AF1EE10FADF
:1027380003D54FF000033B600AE0D7ED007A9FED28
:10274800167AF4EEC77AF1EE10FA01DD134B3B600E
:102758007B681B681846FFF724FFF8607B681B79C5
:10276800002B0CBF01230023DBB21A46FB6813447D
:1027780007EE903AB8EE677AD7ED007A27EE277A17
:10278800DFED056AC7EE267AFCEEE77A17EE903A97
:1027980018461037BD4680BD0000C8420000C84238
:1027A80080B582B000AF786039607B681B681846D6
:1027B800FFF749FF02463B68934205D07B681B68D8
:1027C80039681846FFF707FF00BF0837BD4680BDC8
:1027D80080B582B000AF786039607B681B681846A6
:1027E800FFF73DFF02463B68934205D07B681B68B4
:1027F80039681846FFF7FDFE00BF0837BD4680BDA3
:1028080080B582B000AF786039607B681B68184675
:10281800FFF731FF02463B68934205D07B681B688F
:1028280039681846FFF7F3FE00BF0837BD4680BD7C
:1028380080B582B000AF786039607B681B68184645
:10284800FFF725FF02463B68934205D07B681B686B
:1028580039681846FFF7E9FE00BF0837BD4680BD56
:1028680080B584B000AF786087ED000A97ED000A64
:102878007868FFF751FFF860F9687868FFF790FF0C
:1028880000BF1037BD4680BD80B584B000AF78600A
:1028980087ED000A97ED000A7868FFF73DFFF860BA
:1028A800F9687868FFF794FF00BF1037BD4680BD10
:1028B80080B584B000AF786087ED000A97ED000A14
:1028C8007868FFF729FFF860F9687868FFF798FFDC
:1028D80000BF1037BD4680BD80B584B000AF7860BA
:1028E80087ED000A97ED000A7868FFF715FFF86092
:1028F800F9687868FFF79CFF00BF1037BD4680BDB8
:1029080080B485B000AF78607B681B689A68074B15
:102918001340FB60FB68062B0CBF01230023DBB2CE
:1029280018461437BD465DF8047B70470700010060
:1029380080B584B000AF78600B46FB707B681B687D
:102948001846FFF720FEF860FB78002B1ED07B6846
:102958001B68324A934213D07B681B68304A934203
:102968000ED07B681B682F4A934209D07B681B688E
:102978002D4A934204D07B681B682C4A934205D1A8
:102988007B681B6800211846FFF717FEFB68042BBD
:1029980011D07B681B6804211846FFF7E1FD7B68AE
:1029A8001B681846FFF77FFE7B681B68F9681846A6
:1029B800FFF7D6FD04E07B681B681846FFF773FE37
:1029C8007B681B681846FFF7ABFDFB78002B20D00F
:1029D8007B681B68114A934213D07B681B68104AB6
:1029E80093420ED07B681B680E4A934209D07B68DD
:1029F8001B680D4A934204D07B681B680B4A9342BC
:102A080007D17B681A687B685B7919461046FFF71F
:102A1800D4FD00BF1037BD4680BD00BF002C01406B
:102A2800003401400040014000440140004801409A
:102A380080B582B000AF78607B681B681846FFF7E6
:102A48007FFD00BF0837BD4680BD000080B483B05D
:102A580000AF7860074B5B79002B0CBF0123002384
:102A6800DAB27B6801331A7000BF0C37BD465DF8D7
:102A7800047B70473023002080B400AF0C4B5B7997
:102A8800002B0CBF01230023DAB2094B9A71084BC3
:102A98005A790132D2B25A71054B5B79092B02D9A6
:102AA800034B00225A7100BFBD465DF8047B704796
:102AB8003023002080B485B000AF786039607B682F
:102AC800012283F8D8203B68D3E900237968C1E95B
:102AD80002237B6801221A600023FB600CE07B68FC
:102AE800D3E902237868F9680231C9000144C1E9D1
:102AF8000023FB680133FB60FB68182BEFDD00BF88
:102B080000BF1437BD465DF8047B704780B586B0BA
:102B180000AF87ED040BF860B9607A60BB68D3E951
:102B280002017B68D3E90023FDF74EFF0346002B23
:102B380005D17B68D3E90023B968C1E90223F868A5
:102B4800BB681033C82219460EF06AFAF968D7E94B
:102B58000423C1E93223FB6803F1D000BB681033BA
:102B6800C02219460EF05CFABB6803F11000FB683E
:102B7800C833C82219460EF053FA00BF1837BD46AD
:102B880080BD80B485B000AF786039607B68012271
:102B980083F860203B68D3E900237968C1E9022300
:102BA8007B6801221A600023FB600CE07B68D3E994
:102BB80002237868F9680231C9000144C1E9002399
:102BC800FB680133FB60FB68092BEFDD00BF00BF2A
:102BD8001437BD465DF8047B704780B586B000AFFA
:102BE80087ED040BF860B9607A60BB68D3E902012D
:102BF8007B68D3E90023FDF7E7FE0346002B05D1E8
:102C08007B68D3E90023B968C1E90223F868BB6887
:102C18001033502219460EF003FAF968D7E9042355
:102C2800C1E91423FB6803F15800BB68103348223C
:102C380019460EF0F5F9BB6803F11000FB68503334
:102C4800502219460EF0ECF900BF1837BD4680BD7A
:102C580080B58CB002AF78607B6800221A727B68FE
:102C680001225A607B681033BB6100237B741A4BC6
:102C7800FB611A4B3B620123BB74002387F82430A5
:102C8800022387F825300923FB6009233B7407F1E9
:102C98000C0008230093042301220421FFF742FAC1
:102CA80002467B68DA607B68DB6802211846FFF71A
:102CB800ADFB7B68DB681846FFF7C2FA7B68DB6808
:102CC80001211846FFF705FA7B6801221A7200BF36
:102CD8002837BD4680BD00BF0001045000000240F7
:102CE80080B5A6B000AF78601A4BBB6000233B7379
:102CF80000237B7307F108031846FEF7BFFC024662
:102D08007B68DA607B68DB6800211846FEF771F99A
:102D18007B68DB6802211846FEF7E0FB7B68DB680E
:102D280002211846FEF782FC7B68DB681846FFF72D
:102D3800E7FD034687F8973097F89730002B05D1C1
:102D48007B68DB6800211846FFF7F2FD00BF983763
:102D5800BD4680BD0004004080B5A6B000AF7860D5
:102D68001A4BBB6000233B7300237B7307F10803F6
:102D78001846FEF783FC02467B68DA607B68DB68EE
:102D880000211846FEF735F97B68DB6802211846F2
:102D9800FEF764FA7B68DB6802211846FEF7FEFA44
:102DA8007B68DB681846FFF7ABFD034687F897306A
:102DB80097F89730002B05D17B68DB68002118460F
:102DC800FFF7B6FD00BF9837BD4680BD0004004040
:102DD800B0B5A6B000AFFFF74FFE974BD3F8D4328B
:102DE800964A04211846FFF740FA934BB3F8F43398
:102DF800A7F86C30914BDB89914AA2F880308F4B51
:102E08001B888F4AA2F88E308C4B9B898C4AA2F87B
:102E180082308A4B5B888A4AA2F88C30874B5B8960
:102E2800874AA2F88430854B9B88854AA2F88A3065
:102E3800824B1B89824AA2F88630804BDB88804A05
:102E4800A2F8883000237B6710E07D4A7B6F40330F
:102E580032F813301846FDF7D5FA794A7B6FDB0054
:102E68001344C3E900017B6F01337B677B6F072B3A
:102E7800EBDD734B93ED027B724A73497348B0EEF6
:102E8800470AF0EE670AFFF7A8FE6D4B03F5556396
:102E980053E90223C7E9242300233B671AE03B6F69
:102EA8000133674A03F2A913DB001344D3E9002373
:102EB800C7E92223D7E92223D7E92401FDF78EFDAC
:102EC8000346002B03D0D7E92223C7E924233B6F0D
:102ED80001333B673B6F082BE1DD5D4A5D495E4886
:102EE80097ED240BFFF712FE554B03F5815353E979
:102EF8000223C7E91E2300233B671AE03B6F013317
:102F08004F4A03F20323DB001344D3E90023C7E944
:102F18002223D7E92223D7E91E01FDF77DFD0346C9
:102F2800002B03D0D7E92223C7E91E233B6F0133C7
:102F38003B673B6F172BE1DD414B93ED047B474A21
:102F480047494848B0EE470AF0EE670AFFF7DEFD4A
:102F58003B4B03F50A6353E90223C7E92423002303
:102F68003B671AE03B6F0133354A03F21313DB006A
:102F78001344D3E90023C7E92223D7E92223D7E959
:102F88002401FDF72BFD0346002B03D0D7E92223AC
:102F9800C7E924233B6F01333B673B6F172BE1DD08
:102FA800274B93ED067B304A30493148B0EE470A4B
:102FB800F0EE670AFFF7AAFD214B03F5B06353E96A
:102FC80002231F49C1E92C2300233B671BE03B6F09
:102FD80001331B4AAF33DB001344D3E90023C7E9AD
:102FE8002223174BD3E92C23D7E92201FDF714FD3F
:102FF8000346002B04D01249D7E92223C1E92C2328
:103008003B6F01333B673B6F172BE0DD0C4B93EDB8
:10301800087B184A18491948B0EE470AF0EE670AC3
:10302800FFF774FD064BD3E9FA230549C1E92E23BE
:1030380000233B6740E000BF981500209C03002058
:10304800F0030020B8000020A02000203811002044
:10305800D00000205022002008140020A0000020EA
:10306800001E0020880C002090000020401C00203A
:103078006809002088000020601B0020D807002075
:103088003B6F0133924A7D33DB001344D3E90023BD
:10309800C7E922238E4BD3E92E23D7E92201FDF776
:1030A800BBFC0346002B04D08949D7E92223C1E998
:1030B8002E233B6F01333B673B6F172BE0DD844BBF
:1030C80093ED0A7B834A84498448B0EE470AF0EEC0
:1030D800670AFFF71BFD7E4BD3E996237C49C1E9BC
:1030E800302300233B671BE03B6F0133784A4B33A7
:1030F800DB001344D3E90023C7E92223744BD3E947
:103108003023D7E92201FDF787FC0346002B04D0C2
:103118006F49D7E92223C1E930233B6F01333B676D
:103128003B6F172BE0DD6A4B93ED0C7B6C4A6D49C6
:103138006D48B0EE470AF0EE670AFFF74EFD644BA4
:1031480003F55F6353E90223C7E9202300233B67A4
:103158001AE03B6F01335E4A03F2BD13DB001344F0
:10316800D3E90023C7E92223D7E92223D7E920019D
:10317800FDF734FC0346002B03D0D7E92223C7E927
:1031880020233B6F01333B673B6F082BE1DD574A38
:103198005749584897ED200BFFF7B8FC4C4B03F5FF
:1031A800696353E90223C7E9202300233B671AE038
:1031B8003B6F0133464A03F2D113DB001344D3E9D2
:1031C8000023C7E92223D7E92223D7E92001FDF705
:1031D80023FC0346002B03D0D7E92223C7E9202389
:1031E8003B6F01333B673B6F172BE1DD424BB3F875
:1031F800F633A7F86A30414AB7F86C30138097ED78
:103208001E0B0DF011FDB0EE407AF0EE607A9FEDE6
:103218002E1BB0EE470AF0EE670A0DF0CFFC87EDE3
:10322800220B4FF000024FF00003D7E92201FDF70F
:10323800D5FB0346002B0ED0D7F88840D7F88C3042
:1032480083F0004520462946FDF72EFC03469BB235
:103258005B429BB205E0D7E92201FDF725FC034656
:103268009BB2264A538097ED240B0DF0DDFCB0EE9F
:10327800407AF0EE607A9FED141BB0EE470AF0EE4C
:10328800670A0DF09BFC87ED220B4FF000024FF010
:103298000003D7E92201FDF7A1FB0346002B2FD03D
:1032A800D7F888303B65D7F88C3083F000437B65CE
:1032B800D7E91401FDF7F8FB03469BB25B429BB2CA
:1032C80024E000BFAFF30080000000000000F040E1
:1032D800F003002080000020801A0020480600200B
:1032E800C000002008210020D8110020C8000020BC
:1032F800702100207812002098150020B0030020CB
:10330800D7E92201FDF7D0FB03469BB2B04A938070
:10331800B04B93ED2C7BB0EE470AF0EE670A0DF048
:1033280083FCB0EE407AF0EE607A9FEDA71BB0EE1A
:10333800470AF0EE670A0DF041FC87ED220B4FF0CB
:1033480000024FF00003D7E92201FDF747FB0346CF
:10335800002B10D0D7F88830BB64D7F88C3083F0B6
:103368000043FB64D7E91201FDF79EFB03469BB2BD
:103378005B429BB205E0D7E92201FDF795FB0346C6
:103388009BB2934AD380934B93ED2E7BB0EE470AC2
:10339800F0EE670A0DF048FCB0EE407AF0EE607A85
:1033A8009FED891BB0EE470AF0EE670A0DF006FCA8
:1033B80087ED220B4FF000024FF00003D7E92201FE
:1033C800FDF70CFB0346002B10D0D7F888303B6480
:1033D800D7F88C3083F000437B64D7E91001FDF700
:1033E80063FB03469BB25B429BB205E0D7E922012F
:1033F800FDF75AFB03469BB2754A1381754B93ED53
:10340800307BB0EE470AF0EE670A0DF00DFCB0EE27
:10341800407AF0EE607A9FED6C1BB0EE470AF0EE52
:10342800670A0DF0CBFB87ED220B4FF000024FF03F
:103438000003D7E92201FDF7D1FA0346002B10D08B
:10344800D7F88830BB63D7F88C3083F00043FB6330
:10345800D7E90E01FDF728FB03469BB25B429BB2FE
:1034680005E0D7E92201FDF71FFB03469BB2584A46
:10347800538197ED200B0DF0D7FBB0EE407AF0EEBC
:10348800607A9FED511BB0EE470AF0EE670A0DF027
:1034980095FB87ED220B4FF000024FF00003D7E9B0
:1034A8002201FDF79BFA0346002B10D0D7F888308D
:1034B8003B63D7F88C3083F000437B63D7E90C017A
:1034C800FDF7F2FA03469BB25B429BB205E0D7E9EF
:1034D8002201FDF7E9FA03469BB23D4A93813C4A33
:1034E800B7F86A30D3813C4BB3F86630384A138258
:1034F8003A4BB3F8F833A7F86C30364B93ED027BB0
:10350800374A38493848B0EE470AF0EE670AFFF7FD
:10351800FDFA304B03F53C6353E90223C7E91E2348
:1035280000233B671AE03B6F01332A4A03F2771303
:10353800DB001344D3E90023C7E92223D7E9222378
:10354800D7E91E01FDF768FA0346002B03D0D7E937
:103558002223C7E91E233B6F01333B673B6F172BC1
:10356800E1DD1C4B03F50A6353E90223C7E9202375
:1035780000233B671AE03B6F0133164A03F213132B
:10358800DB001344D3E90023C7E92223D7E9222328
:10359800D7E92001FDF740FA0346002B03D0D7E90D
:1035A8002223C7E920233B6F01333B673B6F172B6F
:1035B800E1DD084B03F5B06353E90223C7E924238F
:1035C80000233B672CE000BF000000000000F04033
:1035D800B0030020F0030020000000209815002010
:1035E800B0000020C01F0020A80F00203B6F01334F
:1035F800A54AAF33DB001344D3E90023C7E92223EC
:10360800D7E92223D7E92401FDF706FA0346002B60
:1036180003D0D7E92223C7E924233B6F01333B6753
:103628003B6F172BE2DD984BD3E9FA239649C1E9A2
:103638002C2300233B671BE03B6F0133924A7D3309
:10364800DB001344D3E90023C7E922238E4BD3E9D7
:103658002C23D7E92201FDF7C1F90346002B04D03A
:103668008949D7E92223C1E92C233B6F01333B6702
:103678003B6F172BE0DD844BD3E996238249C1E9E0
:103688002E2300233B671BE03B6F01337E4A4B33FD
:10369800DB001344D3E90023C7E922237A4BD3E99B
:1036A8002E23D7E92201FDF799F90346002B04D010
:1036B8007549D7E92223C1E92E233B6F01333B67C4
:1036C8003B6F172BE0DD704B93ED0C7B6F4A704915
:1036D8007048B0EE470AF0EE670AFFF717FA6A4B30
:1036E80003F5236353E902236749C1E93023002323
:1036F8003B671CE03B6F0133634A03F24513DB0071
:103708001344D3E90023C7E922235F4BD3E93023CD
:10371800D7E92201FDF762F90346002B04D05A4984
:10372800D7E92223C1E930233B6F01333B673B6F65
:10373800172BDFDD584BB3F8FA33A7F86A30574A2E
:10374800B7F86C30138097ED1E0B0DF06DFAB0EEE4
:10375800407AF0EE607A9FED4A1BB0EE470AF0EE31
:10376800670A0DF02BFA87ED220B4FF000024FF09D
:103778000003D7E92201FDF731F90346002B10D0E9
:10378800D7F88830BB62D7F88C3083F00043FB62EF
:10379800D7E90A01FDF788F903469BB25B429BB261
:1037A80005E0D7E92201FDF77FF903469BB23B4AC2
:1037B800538097ED200B0DF037FAB0EE407AF0EE1B
:1037C800607A9FED2F1BB0EE470AF0EE670A0DF006
:1037D800F5F987ED220B4FF000024FF00003D7E90F
:1037E8002201FDF7FBF80346002B10D0D7F88830EC
:1037F8003B62D7F88C3083F000437B62D7E908013D
:10380800FDF752F903469BB25B429BB205E0D7E94C
:103818002201FDF749F903469BB2204A938097EDB0
:10382800240B0DF001FAB0EE407AF0EE607A9FEDCD
:10383800141BB0EE470AF0EE670A0DF0BFF987EDEA
:10384800220B4FF000024FF00003D7E92201FDF7E9
:10385800C5F80346002B23D0D7F88830BB61D7F8CA
:103868008C3083F00043FB61D7E90601FDF71CF9B2
:1038780003469BB25B429BB218E000BFAFF30080E7
:10388800000000000000F040F0030020A800002025
:10389800E01E0020180E002098150020C403002008
:1038A800D7E92201FDF700F903469BB2A04AD3806D
:1038B800A04B93ED2C7BB0EE470AF0EE670A0DF0B3
:1038C800B3F9B0EE407AF0EE607A9FED971BB0EE58
:1038D800470AF0EE670A0DF071F987ED220B4FF0F9
:1038E80000024FF00003D7E92201FDF777F80346FD
:1038F800002B10D0D7F888303B61D7F88C3083F094
:1039080000437B61D7E90401FDF7CEF803469BB27B
:103918005B429BB205E0D7E92201FDF7C5F80346F3
:103928009BB2834A1381834B93ED2E7BB0EE470AFB
:10393800F0EE670A0DF078F9B0EE407AF0EE607AB2
:103948009FED791BB0EE470AF0EE670A0DF036F9E5
:1039580087ED220B4FF000024FF00003D7E9220158
:10396800FDF73CF80346002B10D0D7F88830BB6031
:10397800D7F88C3083F00043FB60D7E90201FDF7EC
:1039880093F803469BB25B429BB205E0D7E922015C
:10399800FDF78AF803469BB2654A5381654B93ED60
:1039A800307BB0EE470AF0EE670A0DF03DF9B0EE55
:1039B800407AF0EE607A9FED5C1BB0EE470AF0EEBD
:1039C800670A0DF0FBF887ED220B4FF000024FF06D
:1039D8000003D7E92201FDF701F80346002B10D0B8
:1039E800D7F888303B60D7F88C3083F000437B6091
:1039F800D7E90001FDF758F803469BB25B429BB23A
:103A080005E0D7E92201FDF74FF803469BB2484A83
:103A18009381474AB7F86A30D381474BB3F86C2093
:103A2800434B1A82454B9B79002B0BD0414BD3E972
:103A380000234349C1E9C8233E4BD3E90E2340493B
:103A4800C1E9CA2300237B6727E03B4BB3F860300A
:103A58001946384A7B6F403332F8133001FB03F3C1
:103A68001846FCF7CFFC4FF00002364BFCF744FD3C
:103A780002460B462F48796FC9000144C1E900236B
:103A8800314A7B6F134400221A70304A7B6F002141
:103A980022F813107B6F01337B677B6F072BD4DD14
:103AA8002B4B00221A602B4B00221A60244BD3E9BF
:103AB800D0014FF00002284BFCF768FB02460B468A
:103AC8001F49C1E9D02300237B670DE0234A7B6FA0
:103AD800134493F9001007F15C027B6F13440A4604
:103AE8001A707B6F01337B677B6F042BEEDD144B01
:103AF800D3E9D0014FF000024FF00003FCF76EFF4E
:103B08000346002B2CD00E4BD3E9D0231046194680
:103B1800FCF7A2FF03465B427B67002387F86F3000
:103B28002AE000BFAFF30080000000000000F04072
:103B3800C4030020F00300200000002030230020F0
:103B4800981500200000503EE8030020D80300200C
:103B580094030020980300200000F03FC0100108E3
:103B6800AC4BD3E9D02310461946FCF775FF034642
:103B78007B67012387F86F307B6F052B0BDD7A6F2E
:103B8800A54B83FB02135910D317C91A0B469B0088
:103B98000B44D31A7B677B6F022B0CDD7B6FC3F161
:103BA80005037B6797F86F30002B0CBF01230023B8
:103BB800DBB287F86F30002387F85830002387F886
:103BC80059307B6F002B52DD97F86F30002B23D0D4
:103BD80005233B6714E03A6F7B6FD31A5A1E3B6F7D
:103BE800013B403207F158010A4412F93C2C40339A
:103BF80007F158010B4403F83C2C3B6F013B3B6732
:103C08007A6F3B6F9A42E6DB7A6F07F15C0300211B
:103C180018460DF0D3F92AE07A6F07F158037F4967
:103C280018460DF0FDF97B6FC3F105031A4607F13D
:103C38005C03002118460DF0C1F900233B6712E030
:103C48003A6F7B6FD31A053307F158013A6F0A446C
:103C580092F90020403307F158010B4403F83C2C3B
:103C68003B6F01333B673A6F7B6F9A42E8DB6C4BE3
:103C78006C4AC3F8902097F95E30002B03D04FF4BC
:103C880000737B6701E000237B67654BD3F89030B6
:103C98007A6F11461846FEF722FD614BD3F8902043
:103CA8007B6FDB4303F4007319461046FEF725FDCE
:103CB8005B4B5C4AC3F8902097F95E30002B03D029
:103CC8004FF480437B6701E000237B67544BD3F8B4
:103CD80090307A6F11461846FEF701FD504BD3F825
:103CE80090207B6FDB4303F4804319461046FEF7B0
:103CF80004FD4B4B4B4AC3F8902097F95D30002BDD
:103D080003D04FF480737B6701E000237B67444B4B
:103D1800D3F890307A6F11461846FEF7E0FC404B16
:103D2800D3F890207B6FDB4303F480731946104669
:103D3800FEF7E3FC3A4B3B4AC3F8902097F95D3015
:103D4800002B03D04FF400437B6701E000237B671F
:103D5800334BD3F890307A6F11461846FEF7BFFC04
:103D68002F4BD3F890207B6FDB4303F400431946B5
:103D78001046FEF7C2FC2A4B2A4AC3F8902097F94E
:103D88005F30002B03D04FF480537B6701E00023A2
:103D98007B67234BD3F890307A6F11461846FEF7AD
:103DA8009EFC1F4BD3F890207B6FDB4303F48053BA
:103DB80019461046FEF7A1FC194B1B4AC3F8902080
:103DC80097F95C30002B03D04FF480537B6701E0F8
:103DD80000237B67124BD3F890307A6F1146184650
:103DE800FEF77DFC0E4BD3F890207B6FDB4303F48A
:103DF800805319461046FEF780FC094B094AC3F860
:103E0800902097F95C30002B10D04FF400537B675B
:103E18000EE000BF9815002067666666C0100108AE
:103E2800F0030020001000480004004800237B67CE
:103E3800924BD3F890307A6F11461846FEF74FFC34
:103E48008E4BD3F890207B6FDB4303F40053194665
:103E58001046FEF752FC894B894AC3F8902097F91F
:103E68005F30002B03D04FF400637B6701E0002331
:103E78007B67824BD3F890307A6F11461846FEF76D
:103E88002EFC7E4BD3F890207B6FDB4303F400635A
:103E980019461046FEF731FC7A48FEF714FC78669E
:103EA8007B6E03F00403002B0CBF01230023DBB25D
:103EB80087F86F307248FEF706FC7866724B93F805
:103EC800FC33FF2B07D0704B93F8FC330133DAB285
:103ED8006D4B83F8FC236C4B93F8F03303F0080325
:103EE800DBB2002B13D1684A92F8F03343F0080391
:103EF80082F8F033644B002283F8FC23624A92F87C
:103F0800F033042161F3020382F8F03386E05E4B5C
:103F180093F8F033C3F30203DBB2032B33D0032B44
:103F280042DC012B02D0022B19D03DE0564B93F80E
:103F3800FC33632B0CD9544B002283F8FC23524AE0
:103F480092F8F033042161F3020382F8F03365E05C
:103F58004A494FF000024D4BC1E928235EE04A4B25
:103F680093F8FC33632B56D9474A92F8F033032170
:103F780061F3020382F8F03340494FF00002434BEB
:103F8800C1E92A2347E097F86F30002B45D03E4B14
:103F9800002283F8FC233C4A92F8F033042161F3B1
:103FA800020382F8F03338E097F86F30002B11D015
:103FB800354B93F8FC33C72B0CD9334B002283F8CD
:103FC800FC23314A92F8F033012161F3020382F8AD
:103FD800F03323E07B6E03F04003002B0CD12A4B17
:103FE800002283F8FC23284A92F8F033022161F377
:103FF800020382F8F03311E020494FF000024FF03D
:104008000003C1E928231D494FF000024FF00003C7
:10401800C1E92A2302E000BF00E000BF97F95C2055
:10402800164B83F8942097F95D20144B83F895205C
:1040380097F95E20114B83F8962097F95F200F4B74
:1040480083F8972097F95F200C4B83F8982097F90D
:104058005E200A4B83F8992097F95D20074B83F877
:104068009A2097F95C20054B83F89B20064B93F820
:10407800FF33002B28D100237B671EE0F0030020CC
:104088000010004800040048981500200000F03F88
:10409800954A7B6F1344943393F900301846FCF724
:1040A800C1F902460B469148796F4131C900014474
:1040B800C1E900237B6F01337B677B6F072BE7DD4B
:1040C8008A4B012283F8FF23884B93F80034002B96
:1040D8000DD197F960301846FCF7A4F902460B4653
:1040E8008249C1E9D223814B012283F800247F4B06
:1040F80093F80134002B10D17C4B0122C3F8002225
:104108007A4B0822C3F804224022002177480CF099
:1041180055FF764B012283F80124744BD3E9D20171
:104128004FF00002724BFCF74FFC0346002B0CD0FB
:104138006E4B0822C3F800226C4B0122C3F80422FC
:104148004022694969480CF06BFF00237B6736E021
:10415800664A7B6F4133DB001344D3E900014FF01B
:104168000002634BFCF730FC0346002B0CD05E4A80
:104178007B6FDB001344D3E900235C48796F51312E
:10418800C9000144C1E90023584A7B6F5133DB0061
:104198001344D3E90001554A7B6FDB001344D3E98C
:1041A8000023FBF7F1FF02460B464F48796F0831B1
:1041B800C9000144C1E900237B6F01337B677B6F32
:1041C800072BC5DD484BD3E9120143A3D3E90023EC
:1041D800FCF792F902460B4614461D46434BD3E9B9
:1041E80094013FA3D3E90023FCF786F902460B4666
:1041F80020462946FBF7CAFF02460B463A49C1E961
:104208001223394BD3E9160133A3D3E90023FCF772
:1042180073F902460B4614461D46344BD3E9980100
:104228002FA3D3E90023FCF767F902460B46204683
:104238002946FBF7ABFF02460B462B49C1E916237B
:10424800294BD3E9180124A3D3E90023FCF754F937
:1042580002460B4614461D46244BD3E99A0120A377
:10426800D3E90023FCF748F902460B4620462946C5
:10427800FBF78CFF02460B461B49C1E918231A4B72
:10428800D3E91C0114A3D3E90023FCF735F902464E
:104298000B4614461D46154BD3E99E0110A3D3E9DE
:1042A8000023FCF729F902460B4620462946FBF76E
:1042B8006DFF02460B460C49C1E91C2397F9603093
:1042C8001846FCF7AFF802460B460849C1E9D22365
:1042D80000237B6731E000BF9A9999999999C93F62
:1042E8009A9999999999E93FF00300209815002027
:1042F8000000F03FAE4A7B6F0833DB001344D3E97C
:104308000023AC48796F4931C9000144C1E9002351
:10431800A74A7B6F1344943393F900301846FCF78F
:1043280081F802460B46A348796F4131C900014420
:10433800C1E900237B6F01337B677B6F072BD9DDD6
:1043480000233B6700237B67994BD3E928014FF093
:104358000002994BFCF738FB0346002B00F0C9829A
:104368004B237B676FF04A033B67914BD3E91401FA
:10437800904BD3E9DE23FCF74FFB0346002B1ED0FE
:104388008C4BD3E9DE0186A3D3E90023FCF7B4F80C
:1043980002460B4614461D46854BD3E9140182A3F9
:1043A800D3E90023FCF7A8F802460B462046294625
:1043B800FBF7ECFE02460B467E49C1E9DE237C4B47
:1043C800D3E914017B4BD3E9DC23FCF707FB034655
:1043D800002B1ED0774BD3E9DC0171A3D3E900236E
:1043E800FCF78AF802460B4614461D46704BD3E983
:1043F80014016DA3D3E90023FCF77EF802460B46AF
:1044080020462946FBF7C2FE02460B466949C1E928
:10441800DC23674BD3E91A01664BD3E9E223FCF7A7
:10442800FBFA0346002B1ED0624BD3E9E2015CA3E2
:10443800D3E90023FCF760F802460B4614461D46F4
:104448005B4BD3E91A0158A3D3E90023FCF754F8CE
:1044580002460B4620462946FBF798FE02460B46C5
:104468005449C1E9E223524BD3E91A01514BD3E92C
:10447800E023FCF7B3FA0346002B1ED04D4BD3E9DB
:10448800E00147A3D3E90023FCF736F802460B46C0
:1044980014461D46464BD3E91A0143A3D3E900232A
:1044A800FCF72AF802460B4620462946FBF76EFE23
:1044B80002460B463F49C1E9E0233D4BD3E91601CB
:1044C8003C4BD3E9F223FCF7A7FA0346002B1ED096
:1044D800384BD3E9F2014FF00002384BFCF70CF8E7
:1044E80002460B4614461D46314BD3E916014FF0E0
:1044F8000002324BFCF700F802460B4620462946DC
:10450800FBF744FE02460B462A49C1E9F223284B31
:10451800D3E91601274BD3E9F023FCF75FFA0346EA
:10452800002B1ED0234BD3E9F0014FF00002234BA0
:10453800FBF7E2FF02460B4614461D461C4BD3E927
:1045480016014FF000021D4BFBF7D6FF02460B4643
:1045580020462946FBF71AFE02460B461549C1E9D3
:10456800F023134BD3E91801124BD3E9E623FCF7E8
:1045780053FA0346002B31D00E4BD3E9E6014FF036
:1045880000020E4BFBF7B8FF02460B4614461D46C9
:10459800074BD3E918014FF0000211E0AFF3008098
:1045A8009A9999999999E93F9A9999999999C93FA5
:1045B800F0030020981500200000F03F0000E03FC5
:1045C800B14BFBF799FF02460B4620462946FBF7FD
:1045D800DDFD02460B46AD49C1E9E623AC4BD3E904
:1045E8001801AA4BD3E9E423FCF7F8F90346002B9A
:1045F8001ED0A64BD3E9E4014FF00002A24BFBF713
:104608007BFF02460B4614461D46A14BD3E9180111
:104618004FF000029C4BFBF76FFF02460B4620460B
:104628002946FBF7B3FD02460B469849C1E9E42346
:10463800974BD3E91201954BD3E9EA23FCF7ECF940
:104648000346002B1ED0914BD3E9EA014FF000023C
:104658008D4BFBF751FF02460B4614461D468C4B0B
:10466800D3E912014FF00002874BFBF745FF0246E2
:104678000B4620462946FBF789FD02460B4683492F
:10468800C1E9EA23824BD3E91201804BD3E9E8233D
:10469800FCF7A4F90346002B1ED07C4BD3E9E801B4
:1046A8004FF00002784BFBF727FF02460B461446F3
:1046B8001D46774BD3E912014FF00002724BFBF70E
:1046C8001BFF02460B4620462946FBF75FFD0246C4
:1046D8000B466E49C1E9E8236D4BD3E91C016B4BCE
:1046E800D3E9EE23FCF798F90346002B1ED0674B5D
:1046F800D3E9EE014FF00002634BFBF7FDFE0246E3
:104708000B4614461D46624BD3E91C014FF00002CC
:104718005D4BFBF7F1FE02460B4620462946FBF7A8
:1047280035FD02460B465949C1E9EE23584BD3E9FA
:104738001C01564BD3E9EC23FCF750F90346002B38
:104748001ED0524BD3E9EC014FF000024E4BFBF761
:10475800D3FE02460B4614461D464D4BD3E91C01B9
:104768004FF00002484BFBF7C7FE02460B462046B7
:104778002946FBF70BFD02460B464449C1E9EC23E9
:10478800434BD3E91001414BD3E9F623FCF744F935
:104798000346002B1ED03D4BD3E9F60136A3D3E9DF
:1047A8000023FBF7A9FE02460B4614461D46384B6C
:1047B800D3E9100132A3D3E90023FBF79DFE02469B
:1047C8000B4620462946FBF7E1FC02460B462F49DB
:1047D800C1E9F6232E4BD3E910012C4BD3E9F4237E
:1047E800FCF7FCF80346002B1ED0284BD3E9F40154
:1047F80021A3D3E90023FBF77FFE02460B461446AC
:104808001D46234BD3E910011DA3D3E90023FBF771
:1048180073FE02460B4620462946FBF7B7FC0246C4
:104828000B461A49C1E9F423194BD3E91E01174B6A
:10483800D3E9FA23FCF7F0F80346002B2FD0134BEB
:10484800D3E9FA010CA3D3E90023FBF755FE02468E
:104858000B4614461D460E4BD3E91E0108A3D3E9A7
:104868000023FBF749FE02460B4620462946FBF784
:104878008DFC0FE0AFF300809A9999999999E93FD7
:104888009A9999999999C93F0000E03F9815002095
:10489800F003002002460B468D49C1E9FA238D4BEF
:1048A800D3E91E018A4BD3E9F823FCF797F80346AE
:1048B800002B1ED0864BD3E9F8017FA3D3E9002350
:1048C800FBF71AFE02460B4614461D46814BD3E9F8
:1048D8001E017BA3D3E90023FBF70EFE02460B461D
:1048E80020462946FBF752FC02460B467849C1E9A7
:1048F800F8234022002177480CF060FB754BD3E980
:104908001445734BD3E9DC01714BD3E9DE23FBF784
:104918003DFC02460B46104619464FF000024FF088
:104928008043FBF713FF02460B4620462946FCF757
:1049380073F80346002B05D066494FF00002664B1A
:10494800C1E90423634BD3E91A45614BD3E9E0017C
:104958005F4BD3E9E223FBF719FC02460B461046EE
:1049680019464FF000024FF08043FBF7EFFE024676
:104978000B4620462946FCF74FF80346002B05D086
:1049880054494FF00002544BC1E90A23514BD3E973
:1049980012454F4BD3E9EA014BA3D3E90023FBF7B8
:1049A800ABFD02460B4620462946FCF735F8034680
:1049B800002B05D047494FF00002474BC1E90223BD
:1049C800444BD3E91845424BD3E9E6013EA3D3E96A
:1049D8000023FBF791FD02460B4620462946FCF7CB
:1049E8001BF80346002B05D03A494FF000023A4B1A
:1049F800C1E90823374BD3E91645354BD3E9F20112
:104A080031A3D3E90023FBF777FD02460B46204686
:104A18002946FCF701F80346002B05D02D494FF035
:104A280000022D4BC1E906234FF000024FF00003AE
:104A3800C7E922234FF000024FF00003C7E91E2305
:104A4800244BD3E92A014FF00002234BFBF7BCFFAC
:104A58000346002B00F0B2811E4BD3E904014FF04E
:104A680000021D4BFBF7B0FF0346002B12D0194B79
:104A7800D3E90A014FF000024FF00003FBF7A4FF4F
:104A88000346002B33D012494FF00002134BC1E903
:104A9800D8232CE00F4BD3E90A014FF000020E4B4C
:104AA800FBF792FF0346002B1AD009494FF000028A
:104AB800094BC1E9D8231AE09A9999999999E93F3C
:104AC8009A9999999999C93FCDCCCCCCCCCCEC3F4B
:104AD80098150020F00300200000F03F0000F0BF10
:104AE8008F494FF000024FF00003C1E9D8238C4BE7
:104AF800D3E9D8014FF000028A4BFBF765FF034664
:104B0800002B1CD0884BD3E904014FF00002854BE1
:104B1800FBF75AFF0346002B11D0834BD3E90A0158
:104B28004FF000027F4BFBF74FFF0346002B06D0E8
:104B38007B494FF000024FF08043C1E9D823784BFE
:104B4800D3E9D8014FF00002784BFBF73DFF03464D
:104B5800002B1CD0744BD3E904014FF00002714BB9
:104B6800FBF732FF0346002B11D06F4BD3E90A0144
:104B78004FF000026B4BFBF727FF0346002B06D0D4
:104B880067494FF000024FF04043C1E9D823644B16
:104B9800D3E9D601624BD3E9D823FBF7F7FA0246EB
:104BA8000B465F49C1E9D6235D4BD3E9D6455C4B3B
:104BB800D3E9D60156A3D3E90023FBF79DFC0246AF
:104BC8000B4620462946FBF7DFFA02460B465449B6
:104BD800C1E9D623524BD3E9D801514BD3E9D423A9
:104BE800FBF7D2FA02460B4614461D464C4BD3E956
:104BF800DA0149A3D3E90023FBF77EFC02460B4602
:104C080020462946FBF7C2FA02460B464449C1E949
:104C1800DA23434BD3E9D8014FF00002444BFBF7AA
:104C28006BFC02460B46104619463D4BD3E9D6238A
:104C3800FBF7ACFA02460B4614461D46384BD3E93F
:104C4800DA014FF000023B4BFBF756FC02460B46DD
:104C580020462946FBF79AFA02460B46C7E91E2367
:104C68002F4BD3E9D8232E49C1E9D423D7E91E23F2
:104C78004FF000002F49FBF787FA02460B46104613
:104C880019464FF000022C4BFBF7BCFE0346002BE5
:104C98000BD0D7E91E234FF000002649FBF774FA22
:104CA80002460B46C7E9222304E04FF00002224BDC
:104CB800C7E922234FF000021E4BD7E92201FBF778
:104CC800ABFE0346002B04D04FF00002194BC7E996
:104CD80022234FF00002174BD7E91E01FBF756FAC3
:104CE80002460B46104619464FF00002124BFBF7DE
:104CF80089FE0346002B21D04FF000020D4BD7E967
:104D08001E01FBF743FA02460B46C7E91E231AE0C9
:104D18007B14AE47E17A743F9A9999999999E93F3A
:104D2800981500200000F03FF00300200000F0BFBD
:104D380000003E4000005940000059C04FF00002FA
:104D48009D4BC7E91E234FF000029C4BD7E91E017B
:104D5800FBF762FE0346002B04D04FF00002974B8E
:104D6800C7E91E23964BD3E9D8014FF000024FF054
:104D78000003FBF729FE0346002B1FD0914BD3E914
:104D880004014FF00002904BFBF71EFE0346002B78
:104D980014D08C4BD3E90A014FF000028A4BFBF781
:104DA80013FE0346002B09D04FF00002874BC7E9DA
:104DB80022234FF00002854BC7E91E23386FFBF70B
:104DC80031FB02460B46D7E92201FBF7DFF9024621
:104DD8000B46C7E92223786FFBF724FB02460B46F4
:104DE800D7E91E01FBF7D2F902460B46C7E91E2395
:104DF800734B93F8FD33002B08D17149D7E922236F
:104E0800C1E9CC236E4B012283F8FD236C4B93F848
:104E1800FE33002B08D16A49D7E91E23C1E9CE2306
:104E2800674B012283F8FE23654BD3E9CC015EA3CF
:104E3800D3E90023FBF760FB02460B4614461D46E8
:104E48005BA3D3E90023D7E92201FBF755FB024610
:104E58000B4620462946FBF799F902460B46584966
:104E6800C1E9CC23564BD3E9CE014FA3D3E90023A4
:104E7800FBF742FB02460B4614461D464CA3D3E9FA
:104E88000023D7E91E01FBF737FB02460B462046F5
:104E98002946FBF77BF902460B464949C1E9CE236F
:104EA800474BD3E9CC014FF00002494BFBF7B4FD67
:104EB8000346002B1BD0424BD3E9CC014FF0000234
:104EC800444BFBF743FC02460B46104619464FF08D
:104ED8000002414BFBF75AF902460B46C7E9222369
:104EE8004FF000024FF00003C7E91E2335E0344BB2
:104EF800D3E9CC014FF00002384BFBF76FFD0346B6
:104F0800002B1ED04FF000024FF00003C7E9222308
:104F18002B4BD3E9CC014FF000022E4BFBF716FCCC
:104F280002460B46104619464FF000022A4BFBF783
:104F38002BF902460B461146B96723F00043FB677D
:104F48000BE04FF000024FF00003C7E922234FF0B7
:104F580000024FF00003C7E91E23194BD3E9CE0125
:104F68004FF000021A4BFBF757FD0346002B37D0D2
:104F7800134BD3E9CE014FF00002164BFBF7E6FBCB
:104F880002460B46104619464FF00002124BFBF73B
:104F9800FDF802460B46C7E920234FF000024FF008
:104FA8000003C7E9242353E09A9999999999C93F2D
:104FB8009A9999999999E93F000059C00000594078
:104FC80098150020F00300200000F03F000049C0C1
:104FD800000024400000084000805040000024C029
:104FE8009F4BD3E9CE014FF000029E4BFBF7F6FC36
:104FF8000346002B20D04FF000024FF00003C7E912
:105008002023974BD3E9CE014FF00002964BFBF7D4
:105018009DFB02460B46104619464FF00002934B83
:10502800FBF7B2F802460B461146C7F8901023F07A
:105038000043C7F894300BE04FF000024FF0000334
:10504800C7E920234FF000024FF00003C7E92423EB
:10505800834BD3F81843D7E92201FBF745FD0346F4
:1050680000EE103A2046FDF723FC7D4BD3F8184399
:10507800D7E91E01FBF738FD034600EE103A20463B
:10508800FDF72AFC764BD3F80843D7E92001FBF754
:105098002BFD034600EE103A2046FDF7E1FB704B6E
:1050A800D3F80843D7E92401FBF71EFD034600EEB9
:1050B800103A2046FDF7E8FB6D4B6E4AC3F8902086
:1050C8006D4BD3E900014FF000024FF00003FBF7EE
:1050D8007BFC0346002B02D180237B6701E0002381
:1050E8007B67634BD3F890307A6F11461846FDF70B
:1050F800F6FA5F4BD3F890207B6FDB4303F0800315
:1051080019461046FDF7F9FA594B5C4AC3F8902046
:10511800574BD3E906014FF000024FF00003FBF7AD
:1051280053FC0346002B03D14FF400537B6701E087
:1051380000237B674E4BD3F890307A6F11461846A0
:10514800FDF7CDFA4A4BD3F890207B6FDB4303F48D
:10515800005319461046FDF7D0FA454B474AC3F8A5
:105168009020434BD3E902014FF000024FF00003B7
:10517800FBF72AFC0346002B03D14FF480437B67DF
:1051880001E000237B673A4BD3F890307A6F1146E1
:105198001846FDF7A4FA364BD3F890207B6FDB4313
:1051A80003F4804319461046FDF7A7FA304B334AFB
:1051B800C3F890202E4BD3E908014FF000024FF0BE
:1051C8000003FBF701FC0346002B03D14FF4004317
:1051D8007B6701E000237B67254BD3F890307A6F1B
:1051E80011461846FDF77BFA214BD3F890207B6FC8
:1051F800DB4303F4004319461046FDF77EFA1C4BC7
:105208001F4AC3F890201C4BD3E902014FF000025B
:105218004FF00003FBF7D8FB0346002B02D108230D
:105228007B6701E000237B67114BD3F890307A6FDE
:1052380011461846FDF753FA0D4BD3F890207B6FB3
:10524800DB4303F0080319461046FDF756FA00F051
:105258003BFD00F04FFE00BF9837BD46B0BD00BF14
:1052680098150020000024C000000840008050402D
:10527800F0030020000C004800000020000800484F
:105288000004004800000000B0B58EB000AF9C4B91
:1052980093EDC87B9B4A9C499C48B0EE470AF0EEC8
:1052A800670AFDF733FC9A4B03F5E26353E90223DF
:1052B800C7E90C230023FB6219E0FB6A0133944A17
:1052C800E133DB001344D3E90023C7E90823D7E916
:1052D8000823D7E90C01FBF781FB0346002B03D019
:1052E800D7E90823C7E90C23FB6A0133FB62FB6A91
:1052F800172BE2DD97ED0C0B0BF096FCB0EE407A25
:10530800F0EE607A9FED7C1BB0EE470AF0EE670A7C
:105318000BF054FC87ED080B4FF000024FF0000330
:10532800D7E90801FBF75AFB0346002B0ED03B6A6E
:105338003B617B6A83F000437B61D7E90401FBF79B
:10534800B3FB03469BB25B429BB205E0D7E9080179
:10535800FBF7AAFB03469BB2FB83694B93EDCA7B21
:105368006C4A6D496D48B0EE470AF0EE670AFDF7E2
:10537800CDFB674BD3E93223C7E90C230023FB623B
:1053880019E0FB6A0133624A1933DB001344D3E99D
:105398000023C7E90823D7E90823D7E90C01FBF75D
:1053A8001DFB0346002B03D0D7E90823C7E90C23CC
:1053B800FB6A0133FB62FB6A172BE2DD97ED0C0BEE
:1053C8000BF032FCB0EE407AF0EE607A9FED4A1BAB
:1053D800B0EE470AF0EE670A0BF0F0FB87ED080B1A
:1053E8004FF000024FF00003D7E90801FBF7F6FA87
:1053F8000346002B0ED03B6ABB607B6A83F00043F8
:10540800FB60D7E90201FBF74FFB03469BB25B4207
:105418009BB205E0D7E90801FBF746FB03469BB2C0
:10542800BB83374ABB8BA2F8F633354AFB8BA2F80D
:10543800F433374BD3E93223C7E90C230023FB624B
:1054480019E0FB6A0133324A1933DB001344D3E90C
:105458000023C7E90823D7E90823D7E90C01FBF79C
:10546800DBFA0346002B03D0D7E90823C7E90C234E
:10547800FB6A0133FB62FB6A172BE2DD97ED0C0B2D
:105488000BF0D2FBB0EE407AF0EE607A9FED1A1B7B
:10549800B0EE470AF0EE670A0BF090FB87ED080BB9
:1054A8004FF000024FF00003D7E90801FBF796FA26
:1054B8000346002B0ED03B6A3B607B6A83F00043B7
:1054C8007B60D7E90001FBF7EFFA03469BB25B422A
:1054D8009BB205E0D7E90801FBF7E6FA03469BB261
:1054E800FB830B4B03F5E26353E90223C7E90C2363
:1054F8000023FB622EE000BF000000000000F04027
:105508009815002098000020201D0020F80A00208F
:10551800F003002078000020A0190020B804002023
:10552800FB6A0133304AE133DB001344D3E900233B
:10553800C7E90823D7E90823D7E90C01FBF76CFA78
:105548000346002B03D0D7E90823C7E90C23FB6ADD
:105558000133FB62FB6A172BE2DD97ED0C0B0BF0B6
:1055680063FBB0EE407AF0EE607A9FED1D1BB0EE63
:10557800470AF0EE670A0BF021FB87ED080B4FF0A6
:1055880000024FF00003D7E90801FBF727FA0346AA
:10559800002B0CD03C6A7B6A83F0004520462946E4
:1055A800FBF782FA03469BB25B429BB205E0D7E960
:1055B8000801FBF779FA03469BB2BB830B4AFB8BC6
:1055C800A2F8FA33094ABB8BA2F8F83300F07CFB47
:1055D80000F090FC00BF3837BD46B0BDAFF3008087
:1055E800000000000000F040F003002098150020A3
:1055F80080B582B000AF00237B6017E0824BB3F820
:105608006E10824A7B6822F813107F4BB3F8701033
:105618007F4A7B6822F813107B4BB3F872107D4ADF
:105628007B6822F813107B6801337B607B68082B4A
:10563800E4DD00237B6011E0734B93F87610764A23
:105648007B6813440A461A706F4BB3F87410734A98
:105658007B6822F813107B6801337B607B68072B1B
:10566800EADD694B1B6D6E4A1360674B5B6D6D4AD3
:105678001360654B9B6D6C4A1360634BDB6D6B4A23
:105688001360614B9B6D684A53605F4BDB6D674AE3
:1056980053605D4B9B6D644A93605B4BDB6D634A63
:1056A800936000F0A5FB584BB3F86220604BA3F859
:1056B800F423554BB3F864205D4BA3F8F623524B03
:1056C800B3F868205A4BA3F8F8234F4BB3F86A2075
:1056D800574BA3F8FA2356494FF00002554BC1E93E
:1056E800DC2353494FF00002524BC1E9E0235049F3
:1056F8004FF000024F4BC1E9E4234D494FF000023F
:105708004C4BC1E9E8234A494FF00002494BC1E933
:10571800EC2347494FF00002464BC1E9F0234449C6
:105728004FF00002434BC1E9F42341494FF0000216
:10573800404BC1E9F8233E4B0022C3F804223C4BFE
:105748000022C3F8CC223A4B002283F8C8223A48F8
:10575800FDF77EFA39493A48FDF713FA39493A48CC
:10576800FDF7A8F939493A48FDF7A4F939493A4803
:10577800FDF7A0F939493A48FDF79CF939493A4803
:10578800FDF798F939493A48FDF7FBF939493A489C
:10579800FDF790F939493A48FDF78CF939493A4803
:1057A800FDF788F9224B002283F80C23204B0022B6
:1057B80083F814231E4B0122C3F810233348FDF746
:1057C8008FFA1B4B012283F81423194B002283F80C
:1057D800FC22174B002283F80423154B0122C3F83F
:1057E80000232B48FDF7B8FA114B012283F8042354
:1057F80028492948FDF75EF928492948FDF75AF94B
:1058080000BF0837BD4680BD000000209C03002073
:10581800B0030020C4030020E8030020D8030020C0
:1058280094030020980300207C03002088030020B4
:10583800981500200000084060180020B8000020DB
:10584800A0200020D000002050220020A00000202E
:10585800001E002090000020401C0020880000202E
:10586800601B002080000020801A0020C00000205B
:1058780008210020C800002070210020B00000206E
:10588800C01F0020A8000020E01E0020A41800204F
:105898009418002098000020201D00207800002087
:1058A800A019002080B500AF3C4B93F8C832002BFC
:1058B80015D13A4B012283F8C822384BD3F8CC32A1
:1058C800012B0CD1354B93F8D032002B07D0334B3A
:1058D800D3F8D432012204211846FCF71FFD2F4BC0
:1058E80093F80C33002B28D12C4B012283F80C237E
:1058F8002A4BD3F81033012B1FD1284B93F81433BC
:10590800002B1AD0254BD3F818331846FDF790F81A
:10591800224BD3F8183300211846FBF704FC1F4B21
:10592800D3F8183302211846FBF72CFE1B4BD3F88B
:10593800183302211846FBF78DFE184B93F8FC32FA
:10594800002B28D1154B012283F8FC22134BD3F8E6
:105958000033012B1FD1114B93F80433002B1AD0BD
:105968000E4BD3F808331846FDF762F80B4BD3F803
:10597800083300211846FBF7D6FB084BD3F8083349
:1059880002211846FBF7BAFC044BD3F8083302216E
:105998001846FBF753FD00BF80BD00BF98150020D7
:1059A80080B489B000AFF860B9607A60FB68BB6109
:1059B8000023FB61BB689B087B611B4B1B68B3F52D
:1059C800C87F2AD00023FB6122E0174B1B681749C8
:1059D8007A6841F82320FB699B00BA691A44124B84
:1059E8001B681268114903F5C87341F823200E4B50
:1059F8001B680F4A12680D4903F5487341F82320C4
:105A0800094B1B680133084A1360FB690133FB61CA
:105A1800FA697B699A42D8D300E000BF2437BD46B3
:105A28005DF8047B704700BF382300204023002026
:105A38003C23002080B584B000AF786072B600BF08
:105A480000F0A6FC0346FB6007F10C037A6804210A
:105A58001846FFF7A5FF62B600BF00BF1037BD4666
:105A680080BD000080B582B000AF344B1B785A1C53
:105A7800D1B2324A1170002B09D0314B01221A6081
:105A88002E4B1B78013BDAB22C4B1A7053E03B1DAE
:105A98001846FCF7DBFF62B600BF02200BF072F875
:105AA800FDF796F902200BF078F872B600BF234B89
:105AB8001B78013BDAB2214B1A707B79002B11D08D
:105AC800204B5B785A1CD1B21E4A5170002B09D06A
:105AD8001B4B01221A601B4B5B78013BDAB2194B56
:105AE8005A7028E0174B5B78002B24D0134B5B7857
:105AF800002B1FD1114B5B780133DAB20F4B5A7070
:105B080062B600BF03200BF03DF8FFF7BDFB032092
:105B18000BF043F800BF72B600BF0A4B5B78013B3D
:105B2800DAB2084B5A70054B5B78013BDAB2034B8B
:105B38005A7000E000BF0837BD4680BD043600201B
:105B4800003600200836002080B584B000AF7860A9
:105B58003960374BFB60374BBB60374B00221A70FC
:105B6800364B00221A7001DF06F026FB00F0E0FE3B
:105B780000F02EFF00F08EFF01F054FF01F072FBE1
:105B880002F09EF901F0BEFF02F04AFA01F00EFDA4
:105B980002F00EFD02F066FC294B1B6800221A6019
:105BA80001200AF0EFFFFFF723FD01200AF0F5FFBF
:105BB80072B600BF97ED030A00F08AFC204B1B6801
:105BC8001B68002B0CBF01230023DBB21A461B4BBA
:105BD8001A7062B600BF62B600BF15E0184B1B68AA
:105BE8001B68002B14BF01230023DBB21A46124B9B
:105BF8001A70114B1B78DBB2002B05D0114B1B68B8
:105C0800104A23F0010313600C4B1B78DBB2002B06
:105C1800E4D104200AF0B6FFFFF744FE04200AF09E
:105C2800BCFF72B600BF002318461037BD4680BDC2
:105C38000AD7233C0000A0420A3600200B36002079
:105C4800BC10010810E000E080B485B000AF034646
:105C5800FB80B7F90630002B02DBFB88FB8101E0F3
:105C6800FB88FB81B7F90E3018461437BD465DF83E
:105C7800047B704780B588B004AF03460A46FB71C1
:105C88001346BB71FB799BB25B009BB2013399B29F
:105C9800BB799AB24FF0FF3302930223019307F1C5
:105CA8000C0300930123074806F078FE3B7B1B0298
:105CB8001AB27B7B1BB213431BB29BB21846103738
:105CC800BD4680BD3836002080B500AF3B21692035
:105CD800FFF7D0FF03461846FFF7B6FF03461A46FC
:105CE80013469B0013445B0007EE903AB8EEE77A40
:105CF800DFED3B6AC7EE267A3A4BC3ED007A3D21C9
:105D08006920FFF7B7FF03461846FFF79DFF0346D4
:105D18001A4613469B0013445B0007EE903AB8EE10
:105D2800E77ADFED2F6AC7EE267A2E4BC3ED017AAC
:105D38003F216920FFF79EFF03461846FFF784FFBF
:105D480003461A4613469B0013445B0007EE903A3D
:105D5800B8EEE77ADFED226AC7EE267A214BC3ED6B
:105D6800027A43216920FFF785FF03461846FFF7AB
:105D78006BFF034607EE903AB8EEE77ADFED1A6A52
:105D8800C7EE267A194BC3ED007A45216920FFF743
:105D980071FF03461846FFF757FF034607EE903A90
:105DA800B8EEE77ADFED106AC7EE267A0F4BC3ED3F
:105DB800017A47216920FFF75DFF03461846FFF780
:105DC80043FF034607EE903AB8EEE77ADFED066A3E
:105DD800C7EE267A054BC3ED027A00BF80BD00BF2F
:105DE800000080467C030020000003438803002055
:105DF80080B586B004AF0023FB714FF0FF330293E8
:105E080001230193FB1D009301236B22D2211D481E
:105E180006F0B0FC4FF0FF330293012301930723F0
:105E2800009301231922D221164806F0A3FC4FF053
:105E3800FF330293012301930023009301231C22C3
:105E4800D221104806F096FC4FF0FF33029301234D
:105E580001930023009301231B22D221094806F055
:105E680089FC4FF0FF33029301230193064B009303
:105E780001237522D321034806F090FD00BF08379F
:105E8800BD4680BD383600200C36002080B582B073
:105E980000AF00237B600FE07B68432B08D07B6852
:105EA800052B05D07B685BB2184607F0E5FA00E0E1
:105EB80000BF7B6801337B607B68EF2BECD900BFA8
:105EC80000BF0837BD4680BD80B582B000AF002353
:105ED8007B6007E07B685BB2184607F0BFFA7B6817
:105EE80001337B607B68EF2BF4D900BF00BF083714
:105EF800BD4680BD80B500AF4021AA4806F092FBA0
:105F08000346002B14BF01230023DAB2A64B1A70F4
:105F18000421A64806F086FB0346002B14BF012384
:105F28000023DAB2A04B5A704FF40051A04806F093
:105F380079FB0346002B14BF01230023DAB29D4BE3
:105F48001A704FF480419A4806F06CFB0346002B08
:105F580014BF01230023DAB2964B5A704FF4004164
:105F6800934806F05FFB0346002B14BF0123002370
:105F7800DAB2904B9A704FF480518C4806F052FB7D
:105F88000346002B14BF01230023DAB28A4B1A7090
:105F98004FF48071834806F045FB0346002B14BF7D
:105FA80001230023DAB2844B5A704FF400717D4804
:105FB80006F038FB0346002B14BF01230023DAB296
:105FC8007D4B9A704FF48051764806F02BFB0346C0
:105FD800002B14BF01230023DAB2774BDA704FF499
:105FE8000061704806F01EFB0346002B14BF012316
:105FF8000023DAB2704B1A714FF48041694806F0F9
:1060080011FB0346002B14BF01230023DAB26A4BAD
:106018005A714FF40041634806F004FB0346002B15
:1060280014BF01230023DAB2634B9A714FF4005175
:106038005C4806F0F7FA0346002B14BF012300233F
:10604800DAB25D4BDA715D4B5B6B9AB25C4B1A80CE
:106058005A4B9B6B9AB25A4B5A80584BDB6B9AB28D
:10606800584B1A80554B1B6C9AB2564B5A80FFF707
:106078000DFF08E04FF400714FF0904006F0D2FA9F
:106088000346012B07D103214F4803F0C1F803460B
:10609800002BEFD10AE000BF08E04FF400714FF089
:1060A800904006F0BFFA0346012B07D102213E4873
:1060B80003F0AEF80346002BEFD10AE000BF08E07A
:1060C8004FF400714FF0904006F0ACFA0346012BF4
:1060D80007D10321374803F09BF80346002BEFD183
:1060E8000AE000BF08E04FF400714FF0904006F05E
:1060F80099FA0346012B07D10C21344803F088F89C
:106108000346002BEFD10AE000BF08E04FF400710E
:106118004FF0904006F086FA0346012B07D10C2178
:106128002B4803F075F80346002BEFD10AE000BFB7
:1061380008E04FF400714FF0904006F073FA034600
:10614800012B07D11221234803F062F80346002BE4
:10615800EFD10AE000BF08E04FF400714FF0904023
:1061680006F060FA0346012B07D112211A4803F002
:106178004FF80346002BEFD10AE000BF08E04FF4C8
:1061880000714FF0904006F04DFA0346012B07D1FD
:106198001221124803F03CF80346002BEFD128E007
:1061A80000BF26E000100048103600200004004818
:1061B800000800481436002018360020000400406B
:1061C8002836002024360020601001087C030020B7
:1061D800880300209C030020B0030020C403002093
:1061E8004FF400714FF0904006F01CFA0346012B63
:1061F80007D10821514803F00BF80346002BEFD1D3
:106208000AE000BF08E04FF400714FF0904006F03C
:1062180009FA0346012B07D10421494802F0F8FF87
:106228000346002BEFD10AE000BF08E04FF40071ED
:106238004FF0904006F0F6F90346012B07D10421F0
:10624800404802F0E5FF0346002BEFD10AE000BF0B
:1062580008E04FF400714FF0904006F0E3F9034670
:10626800012B07D10421384802F0D2FF0346002B46
:10627800EFD10AE000BF08E04FF400714FF0904002
:1062880006F0D0F90346012B07D108212F4802F068
:10629800BFFF0346002BEFD10AE000BF08E04FF430
:1062A80000714FF0904006F0BDF90346012B07D16D
:1062B8001021274802F0ACFF0346002BEFD10AE07B
:1062C80000BF08E04FF400714FF0904006F0AAF9C3
:1062D8000346012B07D104211E4802F099FF03460B
:1062E800002BEFD10AE000BF08E04FF400714FF037
:1062F800904006F097F90346012B07D10421164870
:1063080002F086FF0346002BEFD10AE000BF08E049
:106318004FF400714FF0904006F084F90346012BCA
:1063280007D104210D4802F073FF0346002BEFD17B
:1063380000E000BFFFF7C8FD00BF80BD1836002091
:10634800203600202436002028360020E8030020CC
:10635800D80300209803002094030020641001084B
:1063680080B584B000AF786005F052FFF8607B68B4
:10637800BB6000BF05F04CFF0246FB68D31ABA6841
:106388009A42F7D800BF00BF1037BD4680BD000055
:1063980010B50E4C82B0636A019305F039FF009086
:1063A800626A019B9A4207D3009B01984FF47A7264
:1063B80002FB030002B010BD05F02AFF636A4FF428
:1063C8007A7202FB003002B010BD00BF002C014001
:1063D80080B483B000AF03463960FB7197F907308A
:1063E800002B0ADB3B68DAB20C4997F90730120137
:1063F800D2B20B4483F800230AE03B68DAB20849BA
:10640800FB7903F00F03043B1201D2B20B441A7656
:1064180000BF0C37BD465DF8047B704700E100E023
:1064280000ED00E080B582B000AF78607B68013B8A
:10643800B3F1807F01D301230FE00A4A7B68013B57
:1064480053600F214FF0FF30FFF7C2FF054B0022CA
:106458009A60044B07221A60002318460837BD4685
:1064680080BD00BF10E000E080B500AFBFF34F8FE4
:1064780000BFBFF36F8F00BF0B4B1A680B4B1B6835
:106488009A4202D3084B00221A60074B1B685A1C19
:1064980005490A60002B05D172B600BFFFF7E2FA82
:1064A80062B600BF00BF80BD2C3600203036002009
:1064B80080B400AF054B5B68044A43F080535360D7
:1064C80000BFBD465DF8047B704700BF00ED00E0EB
:1064D80080B584B000AF87ED010A234B1B6807EE37
:1064E800903AB8EE677AD7ED017A67EE277AFCEE34
:1064F800E77A17EE903AFB60FB68B3F1807F18D318
:10650800FB6807EE903AB8EE677ADFED186AC7EED7
:10651800267AFCEEE77A17EE903A0133144A1360B4
:10652800134B1B68FA68B2FBF3F31846FFF77AFFC0
:1065380005E00F4B00221A60F868FFF773FF0D4B58
:1065480000221A600C4A0D4B1A600F216FF00400EC
:10655800FFF73EFF0F216FF00100FFF739FF00BF83
:106568001037BD4680BD00BF64020020FFFF7F4B8F
:10657800303600202C3600207164000834360020A4
:10658800EFF3008001B5EFF3118003B41EF0100F94
:1065980008BFB0EE400A0A48006803B488B004A0F7
:1065A80006904FF0807007906FF00600864670479F
:1065B80003BC8047BFF36F8F00DFFEE700BF00001A
:1065C800343600201EF0100F08BFB0EE400A1EF04F
:1065D800040F0CBFEFF30880EFF30980816911F80D
:1065E800020C10B101280DD00BE01EF0100F0CBFEB
:1065F8001AB008B003BC80F3118803BC80F300888C
:106608000847FEE74EF61451CEF200010A6842F040
:1066180001020A607047F4E700BF00BF80B400AF12
:10662800054B1B68044A43F40023136000BFBD46B2
:106638005DF8047B704700BF0010024080B400AFD3
:10664800054B1B68044A43F48033136000BFBD4602
:106658005DF8047B704700BF0010024080B400AFB3
:10666800074B1B6803F40033B3F5003F01D1012346
:1066780000E000231846BD465DF8047B704700BF64
:106688000010024080B483B000AF7860064B9B686E
:1066980023F0030204497B6813438B6000BF0C3767
:1066A800BD465DF8047B70470010024080B400AF1F
:1066B800044B9B6803F00C031846BD465DF8047B49
:1066C800704700BF0010024080B483B000AF78600C
:1066D800064B9B6823F0F00204497B6813438B60E8
:1066E80000BF0C37BD465DF8047B704700100240C0
:1066F80080B483B000AF7860064B9B6823F4E062F7
:1067080004497B6813438B6000BF0C37BD465DF8B6
:10671800047B70470010024080B483B000AF7860FB
:10672800064B9B6823F4605204497B6813438B60D3
:1067380000BF0C37BD465DF8047B7047001002406F
:1067480080B400AF054B1B68044A43F080731360A4
:1067580000BFBD465DF8047B704700BF00100240D3
:1067680080B400AF074B1B6803F00073B3F1007FE0
:1067780001D1012300E000231846BD465DF8047BE3
:10678800704700BF0010024080B485B000AFF860C9
:10679800B9607A603B600A4BDA680A4B1340F968C3
:1067A800BA6811437A68120211433A680A430449E5
:1067B8001343CB6000BF1437BD465DF8047B7047B8
:1067C800001002408C80FFF980B400AF054BDB68F5
:1067D800044A43F08073D36000BFBD465DF8047B74
:1067E800704700BF0010024080B400AF054B1B6823
:1067F800044A43F08063136000BFBD465DF8047B24
:10680800704700BF0010024080B400AF074B1B6800
:1068180003F00063B3F1006F01D1012300E000230E
:106828001846BD465DF8047B704700BF0010024063
:1068380080B485B000AFF860B9607A603B600E4BF9
:10684800DB6823F07302F968BB680B430A491343FA
:10685800CB60094B1B6923F4C00323F4FE437A6819
:1068680011023A680A43044913430B6100BF143705
:10687800BD465DF8047B70470010024080B400AF4D
:10688800054B1B69044A43F48013136100BFBD46DE
:106898005DF8047B704700BF0010024080B483B0ED
:1068A80000AF7860064B1B6823F0070204497B6839
:1068B80013430B6000BF0C37BD465DF8047B70477F
:1068C8000020024080B400AF044B1B6803F00703AC
:1068D8001846BD465DF8047B704700BF00200240A3
:1068E80080B483B000AF7860064B1B6823F4C062A5
:1068F80004497B6813430B6000BF0C37BD465DF845
:10690800047B70470070004080B400AF074B5B69A0
:1069180003F48063B3F5806F01D1012300E0002305
:106928001846BD465DF8047B704700BF0070004004
:1069380080B500AF0420FFF7B1FF00BFFFF7C2FF2B
:106948000346042BFAD14FF40070FFF7C9FF00BFCC
:10695800FFF7DAFF0346002BFAD1FFF76FFE00BFFF
:10696800FFF77CFE0346012BFAD1FFF757FE002301
:10697800142200210320FFF707FFFFF725FFFFF789
:10698800DFFE00BFFFF7ECFE0346012BFAD1032020
:10699800FFF778FE00BFFFF789FE03460C2BFAD1FC
:1069A8000020FFF791FE0020FFF7A2FE0020FFF76E
:1069B800B3FE064802F03CFD0F2002F0CBFC034674
:1069C800002B01D000F02CF800BF80BD00B4C40437
:1069D80080B500AF00230C2200210320FFF728FF19
:1069E800FFF74CFFFFF700FF00BFFFF70DFF03465F
:1069F800012BFAD100BF00BF80BD000080B582B076
:106A080000AF78607B681B68044A934201D105F0A7
:106A1800EBFB00BF0837BD4680BD00BF002C01401E
:106A280080B400AF72B600BFFEE7000080B485B046
:106A380000AF7860084BDA6C07497B681343CB6476
:106A4800054BDA6C7B681340FB60FB6800BF1437AA
:106A5800BD465DF8047B70470010024080B483B0E7
:106A680000AF786039607B683A689A6100BF0C377C
:106A7800BD465DF8047B704780B483B000AF786092
:106A880039607B683A689A6200BF0C37BD465DF88A
:106A9800047B704780B586B000AF3B4600221A6081
:106AA8005A609A60DA601A615A611020FFF7BEFFD7
:106AB8000420FFF7BBFF8020FFF7B8FF0120FFF796
:106AC800B5FF0220FFF7B2FF0820FFF7AFFF4FF432
:106AD80000516348FFF7C2FF4FF440416048FFF799
:106AE800CBFF4FF47B415F48FFF7C6FF41F2080137
:106AF8005D48FFF7C1FF80215C48FFF7BDFF40F20A
:106B0800BF433B6003237B6000233B613B46194640
:106B1800544802F0E8FD40233B6000237B600123DA
:106B28003B613B4619464F4802F0DDFD4FF4604398
:106B38003B6001237B600023BB600023FB600023D4
:106B48003B613B461946464802F0CDFD41F60F43EE
:106B58003B6003237B6000233B613B46194640486A
:106B680002F0C1FD48F207533B6003237B6000231A
:106B78003B613B4619464FF0904002F0B4FD0423B8
:106B88003B6000237B6001233B613B461946364846
:106B980002F0A9FD4FF47B433B6001237B60032394
:106BA800BB600023FB6000233B613B4619462D4830
:106BB80002F099FD4FF480533B6001237B6003236F
:106BC800BB600023FB6000233B613B461946264817
:106BD80002F089FD4EF2D0333B6003237B60002333
:106BE8003B613B461946204802F07DFD4FF61F7376
:106BF8003B6003237B6000233B613B4619461B48EF
:106C080002F071FD80233B6001237B600023BB60A1
:106C18000023FB6000233B613B461946134802F002
:106C280062FD08233B6001237B600023BB600023D7
:106C3800FB6000233B613B4619460B4802F053FDBD
:106C480020233B6000237B6000233B613B461946C1
:106C5800054802F048FD00BF1837BD4680BD00BF9B
:106C6800000800480010004800040048000C0048D4
:106C780080B400AF044BDB681B0A03F00703184617
:106C8800BD465DF8047B704700ED00E080B483B03A
:106C980000AF0346FB7197F90730002B0BDBFB793C
:106CA80003F01F02074997F907305B09012000FA32
:106CB80002F241F8232000BF0C37BD465DF8047B83
:106CC800704700BF00E100E080B483B000AF034626
:106CD8003960FB7197F90730002B0ADB3B68DAB2A1
:106CE8000C4997F907301201D2B20B4483F80023FC
:106CF8000AE03B68DAB20849FB7903F00F03043B6A
:106D08001201D2B20B441A7600BF0C37BD465DF8AB
:106D1800047B704700E100E000ED00E080B489B03A
:106D280000AFF860B9607A60FB6803F00703FB61A5
:106D3800FB69C3F10703042B28BF0423BB61FB696C
:106D48000433062B02D9FB69033B00E000237B6177
:106D58004FF0FF32BB6902FA03F3DA43BB681A400B
:106D68007B699A404FF0FF317B6901FA03F3D943FD
:106D78007B680B40134318462437BD465DF8047BF7
:106D8800704780B483B000AF786039607B689B68D7
:106D980023F0E0723B681A437B689A6000BF0C37A7
:106DA800BD465DF8047B704780B487B000AFF860DB
:106DB800B9607A60FB6830331A46BB681B0A9B00CF
:106DC80003F00C0313447B617B691A68BB6803F00A
:106DD8001F031F2101FA03F3DB431A407B689B0E54
:106DE80003F01F01BB6803F01F0301FA03F31A4302
:106DF8007B691A6000BF1C37BD465DF8047B70478D
:106E080080B487B000AFF860B9607A60FB6814336B
:106E18001A46BB685B0E9B0003F0040313447B61B6
:106E28007B691A68BB681B0D03F01F03072101FA71
:106E380003F3DB431A40BB681B0D03F01F0379689B
:106E480001FA03F31A437B691A6000BF1C37BD4679
:106E58005DF8047B7047000080B485B000AFF8602F
:106E6800B9607A60FB68D3F8B020BB68C3F312033B
:106E7800DB431A407B6803F018030849D940BB6814
:106E88000B40C3F312031A43FB68C3F8B02000BFDA
:106E98001437BD465DF8047B704700BFFFFF07004D
:106EA80080B483B000AF786039607B681B6923F4D5
:106EB800806323F003033A681A437B681A6100BFB2
:106EC8000C37BD465DF8047B704780B483B000AFD3
:106ED800786039607B681B6923F400723B681A4349
:106EE8007B681A6100BF0C37BD465DF8047B7047AC
:106EF80080B485B000AFF860B9607A60FB681B6940
:106F080023F4FE727968BB680B431A43FB681A6165
:106F180000BF1437BD465DF8047B704780B483B06A
:106F280000AF78607B689B6823F0204323F03F0321
:106F38007A68936000BF0C37BD465DF8047B7047E4
:106F480080B483B000AF78607B689B6823F01043FF
:106F580023F03F0343F080527B689A6000BF0C37F0
:106F6800BD465DF8047B704780B487B000AFF86019
:106F7800B9607A60FB687B610E4ABB6813441B7872
:106F88001A467B6913441B6823F4804323F01003DB
:106F98000849BA680A44127811467A690A441146BF
:106FA8007A6813430B6000BF1C37BD465DF8047B4D
:106FB800704700BFC810010880B487B000AFF86000
:106FC800B9607A60FB687B610D4ABB6813441B7823
:106FD8001A467B6913441B6823F020020849BB68E2
:106FE8000B441B7819467B690B4419467B6813438D
:106FF8000B6000BF1C37BD465DF8047B704700BFBF
:10700800C810010880B487B000AFF860B9607A6032
:10701800FB687B610D4ABB6813441B781A467B6981
:1070280013441B6823F040020849BB680B441B78D3
:1070380019467B690B4419467B6813430B6000BFF4
:107048001C37BD465DF8047B704700BFC8100108B7
:1070580080B487B000AFF860B9607A60FB687B6184
:107068000D4ABB6813441B781A467B6913441B6896
:1070780023F080020849BB680B441B7819467B69DA
:107088000B4419467B6813430B6000BF1C37BD4691
:107098005DF8047B704700BFC810010880B487B052
:1070A80000AFF860B9607A60FB687B610D4ABB6825
:1070B80013441B781A467B6913441B6823F44072F7
:1070C8000849BB680B441B7819467B690B44194671
:1070D8007B6813430B6000BF1C37BD465DF8047B1B
:1070E800704700BFC810010880B487B000AFF860CF
:1070F800B9607A60FB687B610D4ABB6813441B78F2
:107108001A467B6913441B6823F440620849BB682C
:107118000B441B7819467B690B4419467B6813435B
:107128000B6000BF1C37BD465DF8047B704700BF8D
:10713800C810010880B487B000AFF860B9607A6001
:10714800FB687B610D4ABB6813441B781A467B6950
:1071580013441B6823F440520849BB680B441B784E
:1071680019467B690B4419467B6813430B6000BFC3
:107178001C37BD465DF8047B704700BFC810010886
:1071880080B489B000AFF860B9607A60FB68A83352
:107198001A68BB689B000F2101FA03F3DB431A400E
:1071A800BB689B000F2101FA03F3BB61BB6993FA2B
:1071B800A3F37B617B69FB61FB69002B01D1202371
:1071C80003E0FB69B3FA83F3DBB219467B688B40B3
:1071D800F968A83113430B6000BF2437BD465DF83A
:1071E800047B704780B483B000AF7860074BD3F856
:1071F800883023F0405205497B681343C1F8883032
:1072080000BF0C37BD465DF8047B70470010024094
:1072180080B485B000AF7860084BDA6C07497B68AA
:107228001343CB64054BDA6C7B681340FB60FB6847
:1072380000BF1437BD465DF8047B7047001002405C
:1072480080B483B000AF786039607B68DA6A3B68E5
:107258001A437B68DA6200BF0C37BD465DF8047BD1
:107268007047000080B594B000AF07F140030022DA
:107278001A605A609A6007F1280300221A605A605F
:107288009A60DA601A615A6107F1180300221A60DD
:107298005A609A60DA603B4600221A605A609A6027
:1072A800DA601A615A614FF04050FFF79BFF4FF4C4
:1072B8000050FFF7ADFF0120FFF7AAFF0420FFF7FA
:1072C800A7FF0220FFF7A4FFF8233B6003237B609E
:1072D80000233B613B4619464FF0904002F003FA09
:1072E80030233B6003237B6000233B613B46194608
:1072F8009D4802F0F8F903233B6003237B600023D9
:107308003B613B461946994802F0EDF9F8214FF0E8
:107318009040FFF795FF30219348FFF791FF032135
:107328009248FFF78DFF002200219148FFF728FFC0
:10733800002200218E48FFF717FE002200218C480A
:10734800FFF7F8FE202200218948FFF735FE0022CA
:1073580000218748FFF756FE802200218448FFF766
:1073680077FE4FF4807200218148FFF797FE4FF4B3
:10737800806200217E48FFF7B7FEFFF779FC0346DD
:10738800002200211846FFF7C9FC034619461220BF
:10739800FFF79AFC1220FFF779FC00233B640023D7
:1073A8007B640023BB6407F140031946714806F06B
:1073B800DFF80023BB620823FB6200233B63002342
:1073C8007B630323BB630023FB6307F12803194690
:1073D800684806F0F3F800220C216648FFF788FD9C
:1073E80000216448FFF771FD01216248FFF758FD4D
:1073F8000023BB610023FB6107F1180319465E48AF
:1074080006F06EF800215C48FFF7BBFC5948FFF70F
:1074180085FD5848FFF794FD584B1B689B09584A4F
:10742800A2FB03239A0913469B0013449B001A46A8
:10743800544BA3FB0223DB08FB6402E0FB6C013B1B
:10744800FB64FB6C002BF9D14F4A06214948FFF732
:10745800ABFC07224C494748FFF7D2FC7F224A4938
:107468004448FFF7F9FC494A0C214248FFF79CFCC5
:10747800072246493F48FFF7C3FC7F2243493D485E
:10748800FFF7EAFC424A12213A48FFF78DFC07222F
:107498003F493848FFF7B4FC7F223D493548FFF79C
:1074A800DBFC3C4A18213348FFF77EFC07223949A8
:1074B8003048FFF7A5FC7F2236492E48FFF7CCFC61
:1074C800354A4FF480712B48FFF76EFC072232498A
:1074D8002848FFF795FC7F222F492648FFF7BCFC78
:1074E8002E4A4FF483712348FFF75EFC07222B498D
:1074F8002048FFF785FC7F2228491E48FFF7ACFC8F
:10750800274A4FF486711B48FFF74EFC0022244996
:107518001848FFF775FC7F2221491648FFF79CFCA5
:10752800204A4FF489711348FFF73EFC07221D4992
:107538001048FFF765FC7F221A490E48FFF78CFCBC
:10754800194A4FF48C710B48FFF72EFC0722164995
:107558000848FFF755FC7F2213490648FFF77CFCD3
:1075680000BF5037BD4680BD0008004800040048F1
:107578000000024000000450000304506402002090
:10758800632D3E05CDCCCCCC000180210002B02576
:107598000004002A0008302E0010603200209036C7
:1075A8000040C03A0080F03E0000214380B594B00E
:1075B80000AF07F1400300221A605A609A6007F191
:1075C800280300221A605A609A60DA601A615A61C8
:1075D80007F1180300221A605A609A60DA603B4685
:1075E80000221A605A609A60DA601A615A614FF094
:1075F8004050FFF7F7FD4FF40050FFF709FE012058
:10760800FFF706FE0420FFF703FE0220FFF700FE47
:10761800F8233B6003237B6000233B613B4619460C
:107628004FF0904002F05FF830233B6003237B600B
:1076380000233B613B461946984802F054F803235F
:107648003B6003237B6000233B613B46194694481B
:1076580002F049F8F8214FF09040FFF7F1FD302192
:107668008E48FFF7EDFD03218D48FFF7E9FD002265
:1076780001218C48FFF784FD002201218948FFF78A
:1076880073FC002201218748FFF754FD20220121C5
:107698008448FFF791FC002201218248FFF7B2FCE1
:1076A800802201217F48FFF7D3FC4FF4807201212B
:1076B8007C48FFF7F3FC4FF4806201217948FFF71B
:1076C80013FDFFF7D5FA0346002200211846FFF7FD
:1076D80025FB034619461220FFF7F6FA1220FFF79A
:1076E800D5FA00233B6400237B640023BB6407F1C5
:1076F800400319466C4805F03BFF0023BB62082392
:10770800FB6200233B6300237B630323BB630023EB
:10771800FB6307F128031946634805F04FFF002172
:107728006148FFF7BDFB0023BB6107F11803194649
:107738005E4805F0D5FE00215C48FFF722FB5A4859
:10774800FFF7ECFB5848FFF7FBFB594B1B689B09FD
:10775800584AA2FB03239A0913469B0013449B0033
:107768001A46554BA3FB0223DB08FB6402E0FB6CC3
:10777800013BFB64FB6C002BF9D1504A06214A48B7
:10778800FFF712FB07224D494748FFF739FB7F22D5
:107798004A494548FFF760FB494A0C214248FFF730
:1077A80003FB072246494048FFF72AFB7F2244494A
:1077B8003D48FFF751FB434A12213B48FFF7F4FAD3
:1077C800072240493848FFF71BFB7F223D493648CE
:1077D800FFF742FB3C4A18213348FFF7E5FA072236
:1077E80039493148FFF70CFB7F2237492E48FFF70C
:1077F80033FB364A4FF480712B48FFF7D5FA07223E
:1078080032492948FFF7FCFA7F2230492648FFF71A
:1078180023FB2F4A4FF483712348FFF7C5FA072249
:107828002B492148FFF7ECFA7F2229491E48FFF728
:1078380013FB284A4FF486711B48FFF7B5FA072255
:1078480024491948FFF7DCFA7F2222491648FFF736
:1078580003FB214A4FF489711348FFF7A5FA072261
:107868001D491148FFF7CCFA7F221B490E48FFF744
:10787800F3FA1A4A4FF48C710B48FFF795FA07226E
:1078880016490948FFF7BCFA7F2214490648FFF752
:10789800E3FA00BF5037BD4680BD00BF000800486E
:1078A8000004004800000240000104500003045096
:1078B80064020020632D3E05CDCCCCCC0001802194
:1078C8000002B0250004002A0008302E00106032A3
:1078D800002090360040C03A0080F03E000021436E
:1078E80080B400AF044BDB681B0A03F0070318469B
:1078F800BD465DF8047B704700ED00E080B483B0BE
:1079080000AF0346FB7197F90730002B0BDBFB79BF
:1079180003F01F02074997F907305B09012000FAB5
:1079280002F241F8232000BF0C37BD465DF8047B06
:10793800704700BF00E100E080B483B000AF0346A9
:107948003960FB7197F90730002B0ADB3B68DAB224
:107958000C4997F907301201D2B20B4483F800237F
:107968000AE03B68DAB20849FB7903F00F03043BED
:107978001201D2B20B441A7600BF0C37BD465DF82F
:10798800047B704700E100E000ED00E080B489B0BE
:1079980000AFF860B9607A60FB6803F00703FB6129
:1079A800FB69C3F10703042B28BF0423BB61FB69F0
:1079B8000433062B02D9FB69033B00E000237B61FB
:1079C8004FF0FF32BB6902FA03F3DA43BB681A408F
:1079D8007B699A404FF0FF317B6901FA03F3D94381
:1079E8007B680B40134318462437BD465DF8047B7B
:1079F8007047000080B485B000AF7860084B9A6C7F
:107A080007497B6813438B64054B9A6C7B6813406A
:107A1800FB60FB6800BF1437BD465DF8047B704708
:107A28000010024080B500AF0120FFF7E3FFFFF729
:107A380057FF0346002200211846FFF7A7FF034619
:107A480019460B20FFF778FF0B20FFF757FFFFF7CA
:107A580047FF0346002200211846FFF797FF034619
:107A680019460C20FFF768FF0C20FFF747FFFFF7C8
:107A780037FF0346002200211846FFF787FF034619
:107A880019461020FFF758FF1020FFF737FFFFF7C0
:107A980027FF0346002200211846FFF777FF034619
:107AA80019461120FFF748FF1120FFF727FF00BFF5
:107AB80080BD000080B485B000AF78607B681A0E86
:107AC8000F4B1344FB60FB681A687B681B0C03F0C0
:107AD8001F03032101FA03F3DB431A407B68D9B281
:107AE8007B681B0C03F01F0301FA03F31A43FB68BE
:107AF8001A6000BF1437BD465DF8047B704700BFAD
:107B08008810024080B500AF1B4B1C4A1A601A4B04
:107B18001B4A5A60184B00229A60174B0122DA6000
:107B2800154B00221A61144B00225A61124B002295
:107B38009A61114B0022DA610F4B00221A620E483B
:107B480004F088FD0346002B01D0FEF769FF0021F1
:107B5800094805F0E3FA0346002B01D0FEF760FF61
:107B68000021054805F025FB0346002B01D0FEF750
:107B780057FF00BF80BD00BF3836002000580040C6
:107B8800E49CD11080B58AB000AF786007F1140387
:107B980000221A605A609A60DA601A617B681B6872
:107BA800194A93422CD14FF46020FFF783FF174BFB
:107BB800DB6C164A43F00203D364144BDB6C03F00E
:107BC80002033B613B694FF440637B611223BB6155
:107BD8000023FB6103233B6204237B6207F1140348
:107BE80019460B4804F074FB084B9B6D074A43F495
:107BF80080039365054B9B6D03F48003FB60FB6872
:107C080000BF2837BD4680BD005800400010024024
:107C18000004004880B485B000AF7860084BDA6C87
:107C280007497B681343CB64054BDA6C7B681340C8
:107C3800FB60FB6800BF1437BD465DF8047B7047E6
:107C48000010024080B485B000AF7860084B9A6D90
:107C580007497B6813438B65054B9A6D7B68134016
:107C6800FB60FB6800BF1437BD465DF8047B7047B6
:107C78000010024080B483B000AF78607B681B6856
:107C880043F080027B681A6000BF0C37BD465DF880
:107C9800047B704780B485B000AF786039603B687A
:107CA800012B28D03B68042B23D03B68102B1ED017
:107CB8003B68402B19D03B68B3F5807F13D03B68F5
:107CC800B3F5806F0DD03B68B3F5805F07D03B6894
:107CD800B3F5803F01D107230EE008230CE006230B
:107CE8000AE0052308E0042306E0032304E0022356
:107CF80002E0012300E00023FB737B681833194678
:107D0800FB7B0B4AD35C0B44BB60BB681A68FB7BEC
:107D18000849CB5C194604238B40DB431A40BB68F7
:107D28001A6000BF1437BD465DF8047B704700BF7A
:107D3800D0100108DC10010880B485B000AF78606D
:107D480039603B68012B28D03B68042B23D03B6863
:107D5800102B1ED03B68402B19D03B68B3F5807FB1
:107D680013D03B68B3F5806F0DD03B68B3F5805FE7
:107D780007D03B68B3F5803F01D107230EE0082305
:107D88000CE006230AE0052308E0042306E00323A9
:107D980004E0022302E0012300E00023FB737B6878
:107DA80018331946FB7B0A4AD35C0B44BB60BB689B
:107DB8001A68FB7B0749CB5C194608238B401A439A
:107DC800BB681A6000BF1437BD465DF8047B704776
:107DD800D0100108DC10010880B483B000AF7860CF
:107DE8007B689B6823F480427B689A6000BF0C37ED
:107DF800BD465DF8047B704780B483B000AF7860FF
:107E080039607B689B6823F4A03323F007033A6842
:107E18001A437B689A6000BF0C37BD465DF8047B47
:107E2800704780B483B000AF786039607B685B6866
:107E380023F070023B681A437B685A6000BF0C3716
:107E4800BD465DF8047B704780B483B000AF7860AE
:107E58007B689B6823F080027B689A6000BF0C37C0
:107E6800BD465DF8047B704780B485B000AFF8600C
:107E7800B9607A603B60FB689B6823F43F42B9684D
:107E88007B6819433B680B431A43FB689A6000BF41
:107E98001437BD465DF8047B704780B483B000AFEB
:107EA800786039607B689B6823F008023B681A4356
:107EB8007B689A6000BF0C37BD465DF8047B70474D
:107EC80080B594B000AF07F13C0300221A605A60F5
:107ED8009A60DA601A6107F11C0320220021184613
:107EE80009F06CF83B1D00221A605A609A60DA604B
:107EF8001A615A610220FFF7A5FE0023BB87002301
:107F08003B644FF47A637B640023BB6407F13C0352
:107F18001946414806F0DEF83F48FFF7ABFE00215E
:107F28003D48FFF769FF01213B48FFF705FF602344
:107F3800FB6100233B6200237B620023BB620023BA
:107F4800FB6207F11C031A460121334806F056F973
:107F580001213148FFF79EFE10212F48FFF7ECFE64
:107F680007F11C031A4610212B4806F047F9102187
:107F78002948FFF78FFE4FF480712748FFF7DCFE92
:107F880007F11C031A464FF48071234806F036F9AE
:107F98004FF480712048FFF77DFE4FF480511E4852
:107FA800FFF7CAFE07F11C031A464FF480511A481E
:107FB80006F024F94FF480511748FFF76BFE0021B3
:107FC8001548FFF76AFF1448FFF706FF0023002251
:107FD80000211148FFF748FF00210F48FFF721FF54
:107FE8000D48FFF731FF0420FFF714FE4FF47073BC
:107FF8007B600223BB600023FB6000233B610023FE
:108008007B610223BB613B1D1946044801F06BFBF1
:1080180000BF5037BD4680BD00040040000800483E
:1080280080B588B000AF07F1100300221A605A60CB
:108038009A60DA603B1D00221A605A609A601D4BF4
:108048001D4A1A601B4B00225A601A4B00229A6084
:10805800184B4FF6FF72DA60164B00221A61154B67
:1080680000229A61134805F0F3FA0346002B01D069
:10807800FEF7D6FC4FF480533B6107F11003194615
:108088000C4805F0CCFC0346002B01D0FEF7C8FCD9
:1080980000237B600023FB603B1D1946054805F063
:1080A800E3FE0346002B01D0FEF7BAFC00BF2037E1
:1080B800BD4680BD8C3600200008004080B584B0E5
:1080C80000AF78607B681B680D4A934213D10D4B53
:1080D8009B6D0C4A43F0040393650A4B9B6D03F0B8
:1080E8000403FB60FB68002200211E2005F09AF9BA
:1080F8001E2005F0B3F900BF1037BD4680BD00BF94
:10810800000800400010024080B487B000AFF8605B
:10811800B9607A60FB687B610E4ABB6813441B78C0
:108128001A467B6913441B6823F4804323F0100329
:108138000849BA680A44127811467A690A4411460D
:108148007A6813430B6000BF1C37BD465DF8047B9B
:10815800704700BFE810010880B487B000AFF8602E
:10816800B9607A60FB687B610D4ABB6813441B7871
:108178001A467B6913441B6823F020020849BB6830
:108188000B441B7819467B690B4419467B681343DB
:108198000B6000BF1C37BD465DF8047B704700BF0D
:1081A800E810010880B487B000AFF860B9607A6061
:1081B800FB687B610D4ABB6813441B781A467B69D0
:1081C80013441B6823F040020849BB680B441B7822
:1081D80019467B690B4419467B6813430B6000BF43
:1081E8001C37BD465DF8047B704700BFE8100108E6
:1081F80080B487B000AFF860B9607A60FB687B61D3
:108208000D4ABB6813441B781A467B6913441B68E4
:1082180023F080020849BB680B441B7819467B6928
:108228000B4419467B6813430B6000BF1C37BD46DF
:108238005DF8047B704700BFE810010880B487B080
:1082480000AFF860B9607A60FB687B610D4ABB6873
:1082580013441B781A467B6913441B6823F4407245
:108268000849BB680B441B7819467B690B441946BF
:108278007B6813430B6000BF1C37BD465DF8047B69
:10828800704700BFE810010880B487B000AFF860FD
:10829800B9607A60FB687B610D4ABB6813441B7840
:1082A8001A467B6913441B6823F440620849BB687B
:1082B8000B441B7819467B690B4419467B681343AA
:1082C8000B6000BF1C37BD465DF8047B704700BFDC
:1082D800E810010880B487B000AFF860B9607A6030
:1082E800FB687B610D4ABB6813441B781A467B699F
:1082F80013441B6823F440520849BB680B441B789D
:1083080019467B690B4419467B6813430B6000BF11
:108318001C37BD465DF8047B704700BFE8100108B4
:1083280080B489B000AFF860B9607A60FB68A833A0
:108338001A68BB689B000F2101FA03F3DB431A405C
:10834800BB689B000F2101FA03F3BB61BB6993FA79
:10835800A3F37B617B69FB61FB69002B01D12023BF
:1083680003E0FB69B3FA83F3DBB219467B688B4001
:10837800F968A83113430B6000BF2437BD465DF888
:10838800047B704780B483B000AF7860094BD3F8A2
:1083980088207B681B0CDB431A407B689BB205492D
:1083A8001343C1F8883000BF0C37BD465DF8047B25
:1083B800704700BF0010024080B485B000AF7860FD
:1083C800084BDA6C07497B681343CB64054BDA6CBE
:1083D8007B681340FB60FB6800BF1437BD465DF83F
:1083E800047B70470010024080B485B000AF78600D
:1083F800084B9A6D07497B6813438B65054B9A6D4B
:108408007B681340FB60FB6800BF1437BD465DF80E
:10841800047B70470010024080B483B000AF7860DE
:108428007B681B6843F001027B681A6000BF0C3749
:10843800BD465DF8047B704780B483B000AF7860B8
:108448007B685B6823F490427B685A607B689B6812
:1084580023F02A027B689A6000BF0C37BD465DF89E
:10846800047B704780B58EB000AF07F11C03002273
:108478001A605A609A60DA601A615A619A613B1D03
:1084880000221A605A609A60DA601A615A614FF4E1
:108498004020FFF777FF4FF40030FFF7A5FF0820D3
:1084A800FFF78AFF60237B600223BB600323FB6026
:1084B80000233B6100237B610723BB613B1D1946F9
:1084C800384801F010F9022205213748FFF728FF44
:1084D800002205213448FFF717FE00220521324803
:1084E800FFF7F8FE002205212F48FFF735FE00228E
:1084F80005212D48FFF756FE802205212A48FFF75F
:1085080077FE002205212848FFF798FE0022052162
:108518002548FFF7B9FE022206212348FFF700FF8E
:10852800102206212048FFF7EFFD002206211E48F1
:10853800FFF7D0FE002206211B48FFF70DFE0022A0
:1085480006211948FFF72EFE802206211648FFF75C
:108558004FFE002206211448FFF770FE0022062174
:108568001148FFF791FE4FF4E133FB6100233B62B2
:1085780000237B620023BB620C23FB6200233B6366
:1085880000237B6307F11C031946084806F0C2F96B
:108598000648FFF751FF0548FFF73EFF00BF383791
:1085A800BD4680BD000C0048000002400044004069
:1085B80080B500AF00221249124806F0E5FD0346D7
:1085C800002B01D0FEF72CFA0F490E4806F00CFEDE
:1085D8000346002B01D0FEF723FA0C49094808F09E
:1085E800E5F90346002B01D0FEF71AFA054806F014
:1085F80022FE0346002B01D0FEF712FA00BF80BD11
:10860800D8000020D8360020600100203801002062
:1086180080B483B000AF7860074BD3F8883023F07C
:10862800406205497B681343C1F8883000BF0C37A6
:10863800BD465DF8047B70470010024080B58AB0E3
:1086480000AF786007F1140300221A605A609A603C
:10865800DA601A617B681B68B3F1A04F60D14FF0F4
:108668008060FFF7D5FF304BDB6C2F4A43F00103E6
:10867800D3642D4BDB6C03F001033B613B694FF482
:1086880000737B610023BB610023FB6107F11403C6
:1086980019464FF0904003F01BFE4FF4C0537B6126
:1086A8000223BB610023FB6103233B620A237B6235
:1086B80007F1140319464FF0904003F009FE1A4BD6
:1086C800DB6C194A43F48053D364174BDB6C03F417
:1086D8008053FB60FB68144B9B6D03F08053002BA9
:1086E80014D1114B9B6D104A43F0805393650E4B88
:1086F8009B6D03F08053BB60BB6804F0A7FD0A4B79
:108708009B6D094A23F08053936501E004F09EFDB8
:1087180000220021432004F085FE432004F09EFE41
:1087280000BF2837BD4680BD0010024080B582B02A
:1087380000AF78607B68D3F808257B6803F2C443F0
:108748001946104606F0C2FD00BF0837BD4680BD79
:1087580080B582B000AF78600B46FB707B68D3F8B9
:108768000805FA7879681346DB0013449B000B442C
:1087780003F523731A68FB78194606F0FCFD00BF61
:108788000837BD4680BD80B582B000AF78600B4623
:10879800FB707B68D3F80805FA7879681346DB0024
:1087A80013449B000B444C331A68FB78194606F0B7
:1087B80045FE00BF0837BD4680BD80B582B000AF1A
:1087C80078607B68D3F80835184606F059FF00BF73
:1087D8000837BD4680BD80B584B000AF78600123FE
:1087E800FB737B68DB68022B01D0FEF719F97B6805
:1087F800D3F80835FA7B1146184606F003FF7B6864
:10880800D3F80835184606F0AFFE00BF1037BD464E
:1088180080BD000080B582B000AF78607B681B68BF
:1088280003F560631B687A68126802F5606243F0BA
:10883800010313607B68D3F80835184606F0F2FE8A
:108848007B681B6A002B05D0044B1B69034A43F065
:108858000603136100BF0837BD4680BD00ED00E088
:1088680080B582B000AF78607B681B6803F56063F1
:108878001B687A68126802F5606223F001031360CE
:108888007B681B6A002B07D0084B1B69074A23F03B
:108898000603136100F0F6FA7B68D3F8083518462A
:1088A80006F0D6FE00BF0837BD4680BD00ED00E0EB
:1088B80080B582B000AF78600B46FB707B68D3F858
:1088C8000835FA781146184606F022FF00BF083727
:1088D800BD4680BD80B582B000AF78600B46FB70A6
:1088E8007B68D3F80835FA781146184606F0EAFE90
:1088F80000BF0837BD4680BD80B582B000AF786044
:108908007B68D3F80835184606F028FF00BF0837FB
:10891800BD4680BD80B582B000AF78607B68D3F873
:108928000835184606F025FF00BF0837BD4680BD4C
:1089380080B582B000AF78607B681B78002B3CD193
:10894800204A7B68C2F808357B681E4AC3F8C422EF
:108958001C4B4FF0A0421A601A4B06225A60194B62
:108968000222DA60174B02229A61164B0022DA6162
:10897800144B00221A62134B00225A62114B012237
:108988009A62104B00221A630E4B0122DA620D48DC
:1089980000F017FF0346002B01D0FEF741F88021B5
:1089A800084802F098F840220021064802F04CF8E6
:1089B80080220121034802F047F8002318460837AF
:1089C800BD4680BDA839002080B584B000AF78606E
:1089D8000023BB730023FB737B68D3F8C4321846AB
:1089E80001F013F80346BB73BB7B032B16D801A217
:1089F80052F823F00D8A0008138A0008198A000823
:108A08001F8A00080023FB730BE00323FB7308E0B5
:108A18000123FB7305E00323FB7302E00323FB73CD
:108A280000BFFB7B18461037BD4680BD80B584B0BB
:108A380000AF7860084611461A460346FB700B469D
:108A4800BB7013463B800023BB730023FB737B681A
:108A5800D3F8C402BB783A88F97801F0BDFC034624
:108A6800BB73BB7B032B17D801A252F823F000BFBE
:108A7800898A00088F8A0008958A00089B8A00085E
:108A88000023FB730BE00323FB7308E00123FB7354
:108A980005E00323FB7302E00323FB7300BFFB7BAA
:108AA80018461037BD4680BD80B584B000AF7860E9
:108AB8000B46FB700023BB730023FB737B68D3F862
:108AC800C432FA781146184601F0EEFC0346BB732F
:108AD800BB7B032B16D801A252F823F0F58A0008B5
:108AE800FB8A0008018B0008078B00080023FB7332
:108AF8000BE00323FB7308E00123FB7305E003236A
:108B0800FB7302E00323FB7300BFFB7B184610379F
:108B1800BD4680BD80B584B000AF78600B46FB7061
:108B28000023BB730023FB737B68D3F8C432FA7845
:108B38001146184601F095FD0346BB73BB7B032B1A
:108B480016D801A252F823F0618B0008678B000841
:108B58006D8B0008738B00080023FB730BE0032365
:108B6800FB7308E00123FB7305E00323FB7302E0BA
:108B78000323FB7300BFFB7B18461037BD4680BD3F
:108B880080B584B000AF78600B46FB700023BB73E0
:108B98000023FB737B68D3F8C432FA781146184671
:108BA80001F0C1FD0346BB73BB7B032B16D801A2A2
:108BB80052F823F0CD8B0008D38B0008D98B00081E
:108BC800DF8B00080023FB730BE00323FB7308E033
:108BD8000123FB7305E00323FB7302E00323FB730C
:108BE80000BFFB7B18461037BD4680BD80B485B0FA
:108BF80000AF78600B46FB707B68D3F8C432FB602B
:108C080097F90330002B0BDAFB7803F07F02F96841
:108C18001346DB0013449B000B443E331B780BE0E8
:108C2800FB7803F07F02F9681346DB0013449B00CE
:108C38000B4403F27E231B7818461437BD465DF8B3
:108C4800047B704780B584B000AF78600B46FB703A
:108C58000023BB730023FB737B68D3F8C432FA7814
:108C68001146184601F093FB0346BB73BB7B032BED
:108C780016D801A252F823F0918C0008978C0008AE
:108C88009D8C0008A38C00080023FB730BE00323D2
:108C9800FB7308E00123FB7305E00323FB7302E089
:108CA8000323FB7300BFFB7B18461037BD4680BD0E
:108CB80080B586B000AFF8607A603B600B46FB7207
:108CC8000023BB750023FB75FB68D3F8C402F97A4F
:108CD8003B687A6801F088FC0346BB75BB7D032BB3
:108CE80016D801A252F823F0018D0008078D00085C
:108CF8000D8D0008138D00080023FB750BE003237E
:108D0800FB7508E00123FB7505E00323FB7502E012
:108D18000323FB7500BFFB7D18461837BD4680BD91
:108D280080B586B000AFF8607A603B600B46FB7296
:108D38000023BB750023FB75FB68D3F8C402F97ADE
:108D48003B687A6801F0FAFB0346BB75BB7D032BD1
:108D580016D801A252F823F0718D0008778D00080B
:108D68007D8D0008838D00080023FB750BE003232D
:108D7800FB7508E00123FB7505E00323FB7502E0A2
:108D88000323FB7500BFFB7D18461837BD4680BD21
:108D980080B582B000AF78600B46FB707B68D3F873
:108DA800C432FA781146184601F006FC0346184604
:108DB8000837BD4680BD000080B582B000AF78603E
:108DC8000B46FB70FB78002B02D0012B1FD03BE039
:108DD8007B681B6A002B07D000F054F81C4B1B69FA
:108DE8001B4A23F0060313617B681B6803F5606365
:108DF8001B687A68126802F5606223F00103136049
:108E08007B68D3F80835184606F022FC1CE07B681E
:108E18001B6803F560631B687A68126802F5606274
:108E280043F0010313607B68D3F80835184606F051
:108E3800F9FB7B681B6A002B05D0054B1B69044AAC
:108E480043F00603136100BF00BF0837BD4680BD6D
:108E580000ED00E080B483B000AF7860034B1846A3
:108E68000C37BD465DF8047B704700BFB43E002058
:108E780080B483B000AF786000BF0C37BD465DF8A2
:108E8800047B704780B500AFFDF752FD00BF80BD81
:108E980080B483B000AF03463960FB713B6812228F
:108EA8001A80034B18460C37BD465DF8047B7047A3
:108EB800F800002080B483B000AF03463960FB712E
:108EC8003B6804221A80034B18460C37BD465DF8F0
:108ED800047B70471801002080B582B000AF0346BC
:108EE8003960FB71FB79002B05D13A6807490848BE
:108EF80007F0FDF904E03A680449054807F0F7F976
:108F0800024B18460837BD4680BD00BFD44000203C
:108F18006C10010880B582B000AF03463960FB7160
:108F28003A680449044807F0E2F9024B1846083742
:108F3800BD4680BDD44000208410010880B582B0B1
:108F480000AF03463960FB713B681A221A8000F0B3
:108F580055F8024B18460837BD4680BD1C01002055
:108F680080B582B000AF03463960FB71FB79002BF6
:108F780005D13A680749084807F0B9F904E03A68A2
:108F88000449054807F0B3F9024B18460837BD46AF
:108F980080BD00BFD44000209810010880B582B081
:108FA80000AF03463960FB71FB79002B05D13A68A5
:108FB8000749084807F09BF904E03A68044905485E
:108FC80007F095F9024B18460837BD4680BD00BF2B
:108FD800D4400020A410010880B483B000AF034639
:108FE8003960FB713B680C221A80034B18460C371A
:108FF800BD465DF8047B70470C01002080B584B045
:1090080000AF0F4B1B68FB600E4B1B68BB600E4B21
:109018001B687B60FA687B681344FB60FB68002B65
:1090280009D008220949F86800F014F80422084910
:10903800B86800F00FF800BF1037BD4680BD00BF0C
:109048009075FF1F9475FF1F9875FF1F1E01002064
:109058002E01002080B487B000AFF860B9601346D5
:10906800FB710023FB750023FB7527E0FB681B0FD2
:10907800092B0BD8FB681B0FDAB2FB7D5B00194686
:10908800BB680B443032D2B21A700AE0FB681B0F7F
:10909800DAB2FB7D5B001946BB680B443732D2B2AB
:1090A8001A70FB681B01FB60FB7D5B000133BA682B
:1090B800134400221A70FB7D0133FB75FA7DFB799E
:1090C8009A42D3D300BF00BF1C37BD465DF8047B6E
:1090D8007047000080B500AF00220549054807F039
:1090E8007AFC0549034807F094FC0023184680BD24
:1090F800D84B0020D8360020D843002080B400AFD9
:1091080000231846BD465DF8047B704780B483B0E1
:1091180000AF03463960FB711346BB80FB79232BF4
:109128004AD801A252F823F0C1910008C191000861
:10913800C1910008C1910008C1910008C1910008BF
:10914800C1910008C1910008C1910008C1910008AF
:10915800C1910008C1910008C1910008C19100089F
:10916800C1910008C1910008C1910008C19100088F
:10917800C1910008C1910008C1910008C19100087F
:10918800C1910008C1910008C1910008C19100086F
:10919800C1910008C1910008C1910008C19100085F
:1091A800C1910008C1910008C1910008C19100084F
:1091B800C1910008C191000800BF002318460C3770
:1091C800BD465DF8047B704780B582B000AF78601B
:1091D80039603B681B681A4679680A4807F020FF1F
:1091E8003B681B68DAB2084B1A707968074807F0C1
:1091F80010FC064807F056FC002318460837BD4601
:1092080080BD00BFD4420020D4430020D8360020BF
:1092180080B584B000AF78600B467B800023FB7379
:109228000D4BD3F8BC32BB60BB68D3F81432002BAB
:1092380001D001230BE07B881A467968064807F0BD
:10924800CAFB054807F0FEFB0346FB73FB7B184689
:109258001037BD4680BD00BFD836002080B487B027
:1092680000AFF860B9601346FB710023FB7597F9EE
:10927800173018461C37BD465DF8047B704780B42C
:1092880000AFFEE780B400AFFEE780B400AFFEE7B2
:1092980080B400AFFEE780B400AFFEE780B400AF53
:1092A80000BFBD465DF8047B704780B400AF00BFC7
:1092B800BD465DF8047B704780B400AF00BFBD4673
:1092C8005DF8047B704780B400AF00BFBD465DF811
:1092D800047B704780B400AF00BFBD465DF8047BD7
:1092E8007047000080B500AF024804F079FA00BF6B
:1092F80080BD00BFD853002080B500AF024800F001
:10930800B3FB00BF80BD00BFA839002080B483B084
:1093180000AF0F4B1B6E0E4A43F0010313660C4B54
:109328001B6E03F001037B607B68094B9B6D084A49
:1093380043F080539365064B9B6D03F080533B606D
:109348003B6800BF0C37BD465DF8047B704700BF23
:109358000010024080B58CB000AF7860002387F819
:109368002F302E4B1B6E2D4A43F4006313662B4B94
:109378001B6E03F40063BB60BB6807F10C0207F1C6
:1093880010031146184602F071FF02F059FFB86247
:10939800BB6A234AA2FB03239B0C013B7B62214B44
:1093A800214A1A601F4B40F2E732DA601D4A7B6A95
:1093B80053601C4B00221A611A4B00229A60194B09
:1093C80000229A61174804F043F9034687F82F30C2
:1093D80097F82F30002B1BD1124804F091F903465F
:1093E80087F82F3097F82F30002B11D1192004F06F
:1093F80035F87B680F2B08D800227968192004F00B
:1094080011F80A4A7B68136002E0012387F82F30BD
:1094180097F82F3018463037BD4680BD00100240FF
:1094280083DE1B43D8530020002C01404C01002050
:1094380080B483B000AF7860044A7B68136000BFD3
:109448000C37BD465DF8047B704700BF64020020FE
:1094580080B48BB000AFF860B9607A60FB681A68B6
:10946800BB687B617B6993FAA3F33B613B69BB6192
:10947800BB69002B01D1202303E0BB69B3FA83F356
:10948800DBB25B00032101FA03F3DB431A40BB683C
:109498003B623B6A93FAA3F3FB61FB697B627B6ADD
:1094A800002B01D1202303E07B6AB3FA83F3DBB2FC
:1094B8005B00796801FA03F31A43FB681A6000BF7E
:1094C8002C37BD465DF8047B704780B485B000AF8B
:1094D800F860B9607A60FB685A68BB68DB431A4079
:1094E800BB68796801FB03F31A43FB685A6000BF45
:1094F8001437BD465DF8047B704780B48BB000AF6D
:10950800F860B9607A60FB689A68BB687B617B69C0
:1095180093FAA3F33B613B69BB61BB69002B01D1A3
:10952800202303E0BB69B3FA83F3DBB25B000321BA
:1095380001FA03F3DB431A40BB683B623B6A93FAC8
:10954800A3F3FB61FB697B627B6A002B01D12023BB
:1095580003E07B6AB3FA83F3DBB25B00796801FA54
:1095680003F31A43FB689A6000BF2C37BD465DF8C9
:10957800047B704780B48BB000AFF860B9607A6044
:10958800FB68DA68BB687B617B6993FAA3F33B618C
:109598003B69BB61BB69002B01D1202303E0BB6998
:1095A800B3FA83F3DBB25B00032101FA03F3DB4375
:1095B8001A40BB683B623B6A93FAA3F3FB61FB6901
:1095C8007B627B6A002B01D1202303E07B6AB3FA1C
:1095D80083F3DBB25B00796801FA03F31A43FB6893
:1095E800DA6000BF2C37BD465DF8047B704780B455
:1095F8008BB000AFF860B9607A60FB681A6ABB6824
:109608007B617B6993FAA3F33B613B69BB61BB69EF
:10961800002B01D1202303E0BB69B3FA83F3DBB24B
:109628009B000F2101FA03F3DB431A40BB683B623E
:109638003B6A93FAA3F3FB61FB697B627B6A002BAD
:1096480001D1202303E07B6AB3FA83F3DBB29B00EA
:10965800796801FA03F31A43FB681A6200BF2C37D2
:10966800BD465DF8047B704780B48BB000AFF860EE
:10967800B9607A60FB685A6ABB681B0A7B617B69C0
:1096880093FAA3F33B613B69BB61BB69002B01D132
:10969800202303E0BB69B3FA83F3DBB29B000F21FD
:1096A80001FA03F3DB431A40BB681B0A3B623B6ABF
:1096B80093FAA3F3FB61FB697B627B6A002B01D100
:1096C800202303E07B6AB3FA83F3DBB29B0079685B
:1096D80001FA03F31A43FB685A6200BF2C37BD46F0
:1096E8005DF8047B704780B588B000AF786039605A
:1096F8003B681B683B613B6993FAA3F3FB60FB681B
:109708007B617B69002B01D1202303E07B69B3FADD
:1097180083F3DBB2FB6148E03B681A680121FB690F
:1097280001FA03F31340BB61BB69002B3AD03B68D5
:109738005B68012B03D03B685B68022B0ED13B684A
:109748009B681A46B9697868FFF7D7FE3B681968BD
:109758003B68DB681A467868FFF7B7FE3B681B6909
:109768001A46B9697868FFF705FF3B685B68022B02
:1097780011D1BB69FF2B07D83B685B691A46B969E9
:109788007868FFF734FF06E03B685B691A46B969F9
:109798007868FFF769FF3B685B681A46B9697868BB
:1097A800FFF756FEFB690133FB613B681A68FB69EA
:1097B80022FA03F3002BAFD1002318462037BD4609
:1097C80080BDF0B58FB00AAF78607B68002B01D1FF
:1097D800012316E17B681B68BB607B6893F8BD3486
:1097E800DBB2002B06D17B68002283F8BC247868A2
:1097F800FEF724FF7B68032283F8BD24BB68DB6B7C
:1098080003F48073002B02D17B6800221A617B6805
:109818001B68184601F06DFA7B681B683B607E6820
:109828006D4606F110040FCC0FC50FCC0FC594E898
:10983800030085E80300331D0ECB386801F080F97A
:109848000346002B05D07B68022283F8BD24012340
:10985800D7E07B681B680021184601F05BFA0023FB
:10986800FB734AE0FA7B79681346DB0013449B00DC
:109878000B443D3301221A70FA7B79681346DB00EA
:1098880013449B000B443C33FA7B1A70FA7BFB7B36
:1098980098B279681346DB0013449B000B444433A9
:1098A80002461A80FA7B79681346DB0013449B0052
:1098B8000B44403300221A70FA7B79681346DB00A8
:1098C80013449B000B44483300221A60FA7B7968E2
:1098D8001346DB0013449B000B444C3300221A60F0
:1098E800FA7B79681346DB0013449B000B4454331E
:1098F80000221A60FB7B0133FB73FA7B7B685B6891
:109908009A42AFD30023FB7344E0FA7B796813468D
:10991800DB0013449B000B4403F27D2300221A70E2
:10992800FA7B79681346DB0013449B000B4403F56C
:109938001F73FA7B1A70FA7B79681346DB001344AD
:109948009B000B4403F5207300221A70FA7B796898
:109958001346DB0013449B000B4403F522730022DB
:109968001A60FA7B79681346DB0013449B000B44AA
:1099780003F5237300221A60FA7B79681346DB002B
:1099880013449B000B4403F5257300221A60FB7BEC
:109998000133FB73FA7B7B685B689A42B5D37B68BB
:1099A8001B683B607E686D4606F110040FCC0FC53E
:1099B8000FCC0FC594E8030085E80300331D0ECBD8
:1099C800386801F0F3F90346002B05D07B680222C2
:1099D80083F8BD24012314E07B68002283F8382033
:1099E8007B68012283F8BD247B685B6A012B02D166
:1099F800786801F081F87B681B68184602F07BFAEA
:109A0800002318461437BD46F0BD80B584B000AFBA
:109A180078607B681B68FB607B6893F8BC34012B1B
:109A280001D102231CE07B68012283F8BC247B68F7
:109A38009B6A012B05D1FB689B6B43F48032FB6862
:109A48009A637B681B68184601F042F97B681B68BB
:109A5800184602F02FFA7B68002283F8BC24002302
:109A680018461037BD4680BD90B58DB000AF786000
:109A78007B681B683B623B6AFB617B681B68184616
:109A880002F0EDFA0346002B40F07E847B681B68E9
:109A9800184602F051FA0346002B00F07484FB6963
:109AA80003F500639B681B0AC3F30D027B68C3F8C8
:109AB800FC247B681B68184602F03EFA034603F054
:109AC8000203022B07D17B681B685A697B681B68F5
:109AD80002F002025A617B681B68184602F02CFAF1
:109AE800034603F01003102B61D17B681B689A6949
:109AF8007B681B6822F010029A613B6A1B6ABB6193
:109B0800BB6903F00F021346DB0013449B0003F507
:109B18001E737A68134404337B61BB695B0C03F0E2
:109B28000F03022B24D1BA6947F6F0731340002BB8
:109B380035D07B691969BB691B099BB2C3F30A035A
:109B48009BB21A46386A02F063F87B691A69BB69E6
:109B58001B09C3F30A031A447B691A617B691A6AF1
:109B6800BB691B09C3F30A031A447B691A6216E02E
:109B7800BB695B0C03F00F03062B10D17B6803F263
:109B8800C44308221946386A02F042F87B691A6A07
:109B9800BB691B09C3F30A031A447B691A627B6811
:109BA8001B689A697B681B6842F010029A617B689F
:109BB8001B68184602F0C0F9034603F40023B3F506
:109BC800002F40F0A78000237B627B681B68184643
:109BD80002F0C5F9B86299E0BB6A03F00103002BF3
:109BE80000F08E807B681B687A6AD2B211461846EC
:109BF80002F0E9F938613B6903F00103002B0CD04E
:109C08007B6A5A01FB69134403F530631A46012342
:109C18009360796A786800F095FE3B6903F0080361
:109C2800002B0CD07B6A5A01FB69134403F530639F
:109C38001A4608239360796A786800F0D1FE3B6978
:109C480003F01003002B08D07B6A5A01FB69134408
:109C580003F530631A46102393603B6903F002034F
:109C6800002B30D03B6A5B6903F08003802B09D15D
:109C7800FB6903F500635B68FA6902F5006243F467
:109C8800806353607A6A1346DB0013449B0003F534
:109C98001E737A68134404337B617B69DB78012B7C
:109CA80008D17B690022DA707B6ADBB219467868D2
:109CB800FEF7FEFD7B6A5A01FB69134403F5306326
:109CC8001A46022393603B6903F02003002B08D057
:109CD8007B6A5A01FB69134403F530631A46202353
:109CE80093603B6903F40053002B09D07B6A5A0147
:109CF800FB69134403F530631A464FF4005393602D
:109D08007B6A01337B62BB6A5B08BB62BB6A002B60
:109D18007FF462AF7B681B68184602F00DF90346B2
:109D280003F48023B3F5802F40F0A4807B681B6880
:109D3800184602F02EF9B86200237B6296E0BB6AEF
:109D480003F00103002B00F08B807B681B687A6AA4
:109D5800D2B21146184602F054F938613B6903F053
:109D68000103002B20D07B6A03F00F03012202FAC3
:109D780003F3FB60FB6903F500635A6BFB68DB4385
:109D8800F96901F5006113404B637B6A5A01FB696D
:109D9800134403F510631A46012393607B6ADBB210
:109DA80019467868FEF7EFFC3B6903F00803002BBF
:109DB80008D07B6A5A01FB69134403F510631A46FD
:109DC800082393603B6903F01003002B08D07B6ADB
:109DD8005A01FB69134403F510631A461023936074
:109DE8003B6903F04003002B08D07B6A5A01FB69EA
:109DF800134403F510631A46402393603B6903F04C
:109E08000203002B23D0796A386A01F01BF97A6AB9
:109E18001346DB0013449B0038337A681344043339
:109E28007B617B69DB78012B08D17B690022DA70C2
:109E38007B6ADBB219467868FEF74CFD7B6A5A01EB
:109E4800FB69134403F510631A46022393603B69C8
:109E580003F08003002B03D0796A786800F0EAFCED
:109E68007B6A01337B62BB6A5B08BB62BB6A002BFF
:109E78007FF465AF7B681B68184602F05DF80346FF
:109E880003F00043B3F1004F22D1FB6903F50063EF
:109E98005B68FA6902F5006223F0010353607B688E
:109EA80093F8F434012B08D17B68002283F8F4245A
:109EB80000217868FEF780FF02E07868FEF7D0FCA2
:109EC8007B681B685A697B681B6802F000425A610C
:109ED8007B681B68184602F02FF8034603F40063FA
:109EE800B3F5006F12D1FB6903F500639B6803F0BB
:109EF8000103012B02D17868FEF78CFC7B681B6894
:109F08005A697B681B6802F400625A617B681B68A7
:109F1800184602F011F8034603F00063B3F1006F2E
:109F280021D17B681B685A697B681B6802F0006254
:109F38005A617B6893F8F434002B11D17B680122B5
:109F480083F8F4247B681B685B6D9B0803F00F02A1
:109F58007B68C3F8F82401217868FEF72DFF02E03A
:109F68007868FEF757FC7B681B68184601F0E4FF29
:109F7800034603F48053B3F5805F40F0B580FB6976
:109F880003F500635B68FA6902F5006223F00103D8
:109F980053607B681B681021184601F053F80023B2
:109FA800FB6246E0FB6A5A01FB69134403F5106340
:109FB8001A464FF67F339360FB6A5A01FB691344D4
:109FC80003F510631B68FA6A5101FA690A4402F53D
:109FD800106223F400131360FB6A5A01FB691344EF
:109FE80003F530631A464FF67F339360FB6A5A01D4
:109FF800FB69134403F530631B68FA6A5101FA6977
:10A008000A4402F5306223F400131360FB6A5A0114
:10A01800FB69134403F530631B68FA6A5101FA6956
:10A028000A4402F5306243F000631360FB6A0133AF
:10A03800FB627B685B68FA6A9A42B3D3FB6903F5F3
:10A048000063DB69FA6902F5006243F00113D3612A
:10A058007B681B6B002B16D0FB6903F50063D3F8F4
:10A068008430FA6902F5006243F00B03C2F88430C9
:10A07800FB6903F500635B6CFA6902F5006243F063
:10A088000B03536415E0FB6903F500635B69FA6928
:10A0980002F5006243F4005343F02B035361FB695C
:10A0A80003F500631B69FA6902F5006243F00B03CC
:10A0B8001361FB6903F500631B68FA6902F5006226
:10A0C80023F4FE6313607B681A687B6803F2C44359
:10A0D8001946104601F0F4FF7B681B685A697B68D3
:10A0E8001B6802F480525A617B681B68184601F0AD
:10A0F80023FF034603F40053B3F5005F24D17B68C4
:10A108001B68184601F0B9FF7B681B68184601F008
:10A1180016F803461A467B68DA607B681C6802F00A
:10A1280083F801467B68DB68DBB21A46204600F0FC
:10A1380033FD7868FEF74FFB7B681B685A697B68BC
:10A148001B6802F400525A617B681B68184601F0CC
:10A15800F3FE034603F00803082B0AD17868FEF7DC
:10A168002CFB7B681B685A697B681B6802F0080235
:10A178005A617B681B68184601F0DEFE034603F04F
:10A188008003802B22D13B6A9B6923F080023B6AC3
:10A198009A6101237B6214E079687A6A1346DB00CE
:10A1A80013449B000B4403F27F231B78012B05D13A
:10A1B8007B6ADBB21946786800F00BFB7B6A0133D7
:10A1C8007B627B685B687A6A9A42E5D37B681B6826
:10A1D800184601F0B1FE034603F48013B3F5801F5F
:10A1E8003BD101237B622BE07B6A5A01FB69134454
:10A1F80003F510631B68BB6179687A6A1346DB0054
:10A2080013449B000B4440331B78012B15D1BB69C9
:10A21800002B12DA79687A6A1346DB0013449B0034
:10A228000B443F3301221A707B6ADBB263F07F0371
:10A23800DBB21946786800F0CCFA7B6A01337B629E
:10A248007B685B687A6A9A42CED37B681B685A69D6
:10A258007B681B6802F480125A617B681B68184689
:10A2680001F06AFE034603F40013B3F5001F55D14D
:10A2780001237B6245E07B6A5A01FB69134403F5BD
:10A2880030631B68BB6179687A6A1346DB00134444
:10A298009B000B4403F520731B78012B2ED1BB695F
:10A2A800002B2BDABB6903F480327B68D3F8FC34CB
:10A2B80003F001039A4221D179687A6A1346DB00D8
:10A2C80013449B000B4403F27F2301221A703B6A5C
:10A2D8009B6943F080023B6A9A613B6A5B6903F0C1
:10A2E8008003002B0AD1FB6903F500635B68FA69F8
:10A2F80002F5006243F40073536007E07B6A0133A0
:10A308007B627B685B687A6A9A42B4D37B681B6815
:10A318005A697B681B6802F400125A617B681B68E3
:10A32800184601F009FE034603F08043B3F1804F5D
:10A338000AD17868FEF7E0FA7B681B685A697B687F
:10A348001B6802F080425A617B681B68184601F05E
:10A35800F3FD034603F00403042B15D17B681B6847
:10A368005B68BB61BB6903F00403002B02D078680B
:10A37800FEF7D0FA7B681B6859687B681B68BA6966
:10A388000A435A6000E000BF3437BD4690BD80B52F
:10A3980082B000AF78600B46FB707B6893F8BC34E2
:10A3A800012B01D1022313E07B68012283F8BC242E
:10A3B8007B68FA7883F838207B681B68FA7811463E
:10A3C800184601F051FD7B68002283F8BC24002365
:10A3D80018460837BD4680BD80B584B000AF7860A8
:10A3E800084611461A460346FB700B463B80134647
:10A3F800BB700023FB7297F90330002B0FDAFB7850
:10A4080003F00F021346DB0013449B0038337A68CD
:10A4180013440433FB60FB6801225A700FE0FB7899
:10A4280003F00F021346DB0013449B0003F51E7371
:10A438007A6813440433FB60FB6800225A70FB7887
:10A4480003F00F03DAB2FB681A703A88FB68DA6027
:10A45800FB68BA781A71FB685B78002B04D0FB683C
:10A468001B789AB2FB681A81BB78022B02D1FB6871
:10A4780000225A717B6893F8BC34012B01D1022366
:10A488000EE07B68012283F8BC247B681B68F968AE
:10A49800184600F073FE7B68002283F8BC24FB7A20
:10A4A80018461037BD4680BD80B584B000AF7860CF
:10A4B8000B46FB7097F90330002B0FDAFB7803F09B
:10A4C8000F021346DB0013449B0038337A681344A9
:10A4D8000433FB60FB6801225A700FE0FB7803F03D
:10A4E8000F021346DB0013449B0003F51E737A68C2
:10A4F80013440433FB60FB6800225A70FB7803F0B6
:10A508000F03DAB2FB681A707B6893F8BC34012B2E
:10A5180001D102230EE07B68012283F8BC247B680A
:10A528001B68F968184600F0B1FE7B68002283F8C2
:10A53800BC24002318461037BD4680BD80B586B0C0
:10A5480000AFF8607A603B600B46FB72FB7A03F061
:10A558000F021346DB0013449B0003F51E73FA68D1
:10A56800134404337B617B697A681A617B693A68B2
:10A578009A617B6900221A627B6900225A70FB7A11
:10A5880003F00F03DAB27B691A70FB7A03F00F034A
:10A59800002B06D1FB681B687969184601F032F96F
:10A5A80005E0FB681B687969184600F04BFF00233B
:10A5B80018461837BD4680BD80B483B000AF7860B8
:10A5C8000B46FB70FB7803F00F0279681346DB003B
:10A5D80013449B000B4403F527731B6818460C377C
:10A5E800BD465DF8047B704780B586B000AFF86063
:10A5F8007A603B600B46FB72FB7A03F00F0213464E
:10A60800DB0013449B003833FA68134404337B613E
:10A618007B697A681A617B693A689A617B6900226A
:10A628001A627B6901225A70FB7A03F00F03DAB2CF
:10A638007B691A70FB7A03F00F03002B06D1FB68C5
:10A648001B687969184601F0DDF805E0FB681B68AE
:10A658007969184600F0F6FE002318461837BD46FB
:10A6680080BD80B584B000AF78600B46FB70FB7886
:10A6780003F00F027B685B689A4201D901234EE020
:10A6880097F90330002B0FDAFB7803F00F0213461B
:10A69800DB0013449B0038337A6813440433FB60AF
:10A6A800FB6801225A700DE0FA781346DB00134468
:10A6B8009B0003F51E737A6813440433FB60FB6840
:10A6C80000225A70FB6801229A70FB7803F00F038E
:10A6D800DAB2FB681A707B6893F8BC34012B01D19D
:10A6E80002231CE07B68012283F8BC247B681B687A
:10A6F800F968184601F0E4FAFB7803F00F03002B21
:10A7080008D17B681A687B6803F2C443194610466F
:10A7180001F0D6FC7B68002283F8BC24002318468D
:10A728001037BD4680BD80B584B000AF78600B4659
:10A73800FB70FB7803F00F027B685B689A4201D9D3
:10A74800012342E097F90330002B0FDAFB7803F07E
:10A758000F021346DB0013449B0038337A68134416
:10A768000433FB60FB6801225A700FE0FB7803F0AA
:10A778000F021346DB0013449B0003F51E737A682F
:10A7880013440433FB60FB6800225A70FB68002204
:10A798009A70FB7803F00F03DAB2FB681A707B68D3
:10A7A80093F8BC34012B01D102230EE07B6801220F
:10A7B80083F8BC247B681B68F968184601F0EEFA38
:10A7C8007B68002283F8BC24002318461037BD4656
:10A7D80080BD80B584B000AF78600B46FB7097F9F8
:10A7E8000330002B0CDAFB7803F00F021346DB0072
:10A7F80013449B0038337A6813440433FB600CE03D
:10A80800FB7803F00F021346DB0013449B0003F5AB
:10A818001E737A6813440433FB607B681B68F9680D
:10A82800184601F011F90346FB72FB7A18461037F7
:10A83800BD4680BD80B588B000AF786039607B6860
:10A848001B687B617B693B613A681346DB001344F4
:10A858009B0038337A6813440433FB60FB681A6A38
:10A86800FB689B699A4201D9012367E0FB689A69F2
:10A87800FB681B6AD31AFB61FB68DB68FA699A42BA
:10A8880002D9FB68DB68FB61FB6903339B08BB618A
:10A8980026E0FB689A69FB681B6AD31AFB61FB68B0
:10A8A800DB68FA699A4202D9FB68DB68FB61FB69DD
:10A8B80003339B08BB61FB6819693B68DAB2FB6923
:10A8C8009BB2786901F06AF9FB681A69FB691A4456
:10A8D800FB681A61FB681A6AFB691A44FB681A620A
:10A8E8003B685A013B69134403F510639B699BB2AB
:10A8F800BA699A4209D8FB681A6AFB689B699A4246
:10A9080003D2FB689B69002BC3D1FB689A69FB687B
:10A918001B6A9A4211D83B6803F00F03012202FA1E
:10A9280003F3BB603B6903F500635A6BBB68DB4309
:10A93800396901F5006113404B630023184620373D
:10A94800BD4680BD80B586B000AF786039607B6851
:10A958001B687B617B693B617B693C3304331B6803
:10A96800FB603B685A013B69134403F530639B68FD
:10A97800BB60FB68194A934224D1BB6803F40043C7
:10A98800002B0AD03B685A013B69134403F5306336
:10A998001A464FF4004393601AE0BB6803F02003A3
:10A9A800002B08D03B685A013B69134403F5306318
:10A9B8001A46202393603B68DBB219467868FDF796
:10A9C800C7FE05E03B68DBB219467868FDF7C0FEB4
:10A9D800002318461837BD4680BD00BF0A31544FC2
:10A9E80080B586B000AF786039607B681B687B6192
:10A9F8007B693B617B693C3304331B68FB603B68C4
:10AA08005A013B69134403F530639B68BB60FB68DC
:10AA18000C4A93420ED9BB6803F40043002B09D0BB
:10AA28003B685A013B69134403F530631A464FF4F7
:10AA3800004393607868FDF779FE002318461837BD
:10AA4800BD4680BD0A30544F80B485B000AF7860F1
:10AA58000B46FB7013463B807B681B685B6ABB60D8
:10AA6800FB78002B07D13B8819047B681B68BA6800
:10AA78000A439A6228E07B681B689B6A1B0CBA68C9
:10AA88001344BB600023FB730DE07B681A68FB7BF3
:10AA980040339B0013445B681B0CBA681344BB60CB
:10AAA800FB7B0133FB73FA7BFB78013B9A42ECD3C7
:10AAB8003B8818047B681968FB78013BBA68024335
:10AAC80040339B000B445A60002318461437BD4698
:10AAD8005DF8047B704780B483B000AF78600B46A4
:10AAE8007B807B681B687A885A62002318460C377B
:10AAF800BD465DF8047B704780B485B000AF7860D0
:10AB08007B681B68FB607B680122C3F800257B68B3
:10AB1800002283F8F424FB689B6943F00062FB6819
:10AB28009A61FB685B6D43F0805343F00303FA6856
:10AB38005365002318461437BD465DF8047B7047FB
:10AB480084B080B584B000AF786007F11C0080E85D
:10AB58000E007B68DB6843F040027B68DA60786847
:10AB680001F0F6FA0346FB733B6C002B06D17B68B9
:10AB78009B6B43F480327B689A6305E07B689B6B30
:10AB880023F480327B689A63FB7B18461037BD46F6
:10AB9800BDE8804004B0704780B487B000AFF8606B
:10ABA800B9601346FB71FB79022B65D1BB683E4A3D
:10ABB800934206D9BB683D4A934202D20F237B6178
:10ABC8005CE0BB68394A934206D3BB68384A934273
:10ABD80002D20E237B6151E0BB68354A934206D30B
:10ABE800BB68344A934202D20D237B6146E0BB68BE
:10ABF800304A934206D3BB682F4A934202D80C23AB
:10AC08007B613BE0BB682C4A934206D9BB682B4A60
:10AC1800934202D80B237B6130E0BB68274A9342FA
:10AC280006D9BB68264A934202D80A237B6125E0ED
:10AC3800BB68234A934206D9BB68224A934202D290
:10AC480009237B611AE0BB681E4A934206D3BB689E
:10AC58001D4A934202D808237B610FE0BB681A4A59
:10AC6800934206D9BB68194A934202D207237B61F3
:10AC780004E006237B6101E009237B61FB68DB6854
:10AC880023F47052FB68DA60FB68DA687B699B0220
:10AC980003F470531A43FB68DA60002318461C3724
:10ACA800BD465DF8047B7047BFACD800C0E1E40046
:10ACB8000024F400807306019F491A01FF2C31011A
:10ACC8003FA44C0100366E011FABA6010048E80105
:10ACD80080B483B000AF78607B689B6843F0010262
:10ACE8007B689A60002318460C37BD465DF8047BE4
:10ACF800704780B483B000AF78607B689B6823F0AE
:10AD080001027B689A60002318460C37BD465DF83F
:10AD1800047B704780B584B000AF78600B46FB7049
:10AD28000023FB607B68DB6823F0C0427B68DA6045
:10AD3800FB78012B15D17B68DB6843F000527B68F8
:10AD4800DA600120FBF70CFBFB680133FB607868D5
:10AD580001F085F90346012B1ED0FB68312BF0D991
:10AD68001AE0FB78002B15D17B68DB6843F0804242
:10AD78007B68DA600120FBF7F3FAFB680133FB60BC
:10AD8800786801F06CF90346002B05D0FB68312B7D
:10AD9800F0D901E0012305E0FB68322B01D1012342
:10ADA80000E0002318461037BD4680BD84B080B54A
:10ADB80086B000AF786007F1240080E80E00002319
:10ADC800FB757B68FB6000233B6109E07A683B699F
:10ADD80040339B00134400225A603B6901333B61B6
:10ADE8003B690E2BF2D9FB6C002B1CD1FB6803F5D9
:10ADF80000635B68FA6802F5006243F0020353607F
:10AE08007B689B6B23F400127B689A637B681B68E2
:10AE180043F040027B681A607B681B6843F080023D
:10AE28007B681A6005E07B689B6B43F400127B68C3
:10AE38009A63FB6803F560631A4600231360FB6896
:10AE480003F500631946FB6803F500631A460B68AF
:10AE580013600321786800F059F91021786800F030
:10AE6800F1F80346002B01D00123FB75786800F048
:10AE78001DF90346002B01D00123FB75FB6803F580
:10AE880000631A4600231361FB6803F500631A4642
:10AE980000235361FB6803F500631A460023D3615E
:10AEA80000233B6143E03B695A01FB68134403F507
:10AEB80010631B6803F00043B3F1004F18D13B69DE
:10AEC800002B0AD13B695A01FB68134403F5106350
:10AED8001A464FF00063136013E03B695A01FB68A0
:10AEE800134403F510631A464FF09043136008E0CB
:10AEF8003B695A01FB68134403F510631A460023A3
:10AF080013603B695A01FB68134403F510631A4642
:10AF1800002313613B695A01FB68134403F510636E
:10AF28001A464FF67F3393603B6901333B617B6A76
:10AF38003A699A42B7D300233B6143E03B695A011F
:10AF4800FB68134403F530631B6803F00043B3F157
:10AF5800004F18D13B69002B0AD13B695A01FB68A5
:10AF6800134403F530631A464FF00063136013E08F
:10AF78003B695A01FB68134403F530631A464FF0E6
:10AF88009043136008E03B695A01FB68134403F5DA
:10AF980030631A46002313603B695A01FB68134467
:10AFA80003F530631A46002313613B695A01FB68B5
:10AFB800134403F530631A464FF67F3393603B69B9
:10AFC80001333B617B6A3A699A42B7D3FB6803F560
:10AFD80000631B69FA6802F5006223F48073136149
:10AFE8007B6800229A617B686FF080425A617B68B7
:10AFF8009B6943F010027B689A617B689A69104BE1
:10B0080013437A689361FB6B002B05D07B689B69BF
:10B0180043F008027B689A61FB6C012B07D17B68BF
:10B028009B6943F0804343F004037A689361FB7D96
:10B0380018461837BD46BDE8804004B0704700BFC9
:10B0480000383C8080B485B000AF78603960002358
:10B05800FB60FB680133FB60FB68134A934201D92C
:10B0680003231BE07B681B69002BF2DA0023FB60DB
:10B078003B689B0143F020027B681A61FB6801333F
:10B08800FB60FB68084A934201D9032306E07B680A
:10B098001B6903F02003202BF0D000231846143737
:10B0A800BD465DF8047B7047400D030080B485B051
:10B0B80000AF78600023FB60FB680133FB60FB682E
:10B0C800114A934201D9032318E07B681B69002BBE
:10B0D800F2DA0023FB607B6810221A61FB680133F7
:10B0E800FB60FB68084A934201D9032306E07B68AA
:10B0F8001B6903F01003102BF0D0002318461437F7
:10B10800BD465DF8047B7047400D030080B485B0F0
:10B1180000AF78600B46FB707B68FB60FB6803F54B
:10B1280000631A68FB78F96801F5006113430B6046
:10B13800002318461437BD465DF8047B704780B479
:10B1480087B000AF78607B683B613B6903F50063BB
:10B158009B6803F00603FB60FB68022B02D0FB68C8
:10B16800062B02D10223FB7501E00F23FB75FB7D43
:10B1780018461C37BD465DF8047B704780B485B01F
:10B1880000AF786039607B68FB603B681B78BB6008
:10B198003B685B78012B3AD1FB6803F50063DA69F9
:10B1A8003B681B7803F00F03012101FA03F39BB2FC
:10B1B800F96801F500611343CB61BB685A01FB686C
:10B1C800134403F510631B6803F40043002B55D1A7
:10B1D800BB685A01FB68134403F510631A683B689F
:10B1E800DB68C3F30A013B681B799B041943BB68FE
:10B1F8009B050B431343BA685101FA680A4402F5E8
:10B20800106243F0805343F40043136036E0FB6858
:10B2180003F50063DA693B681B7803F00F0301212B
:10B2280001FA03F31B04F96801F500611343CB61CC
:10B23800BB685A01FB68134403F530631B6803F4C9
:10B248000043002B1AD1BB685A01FB68134403F56D
:10B2580030631A683B68DB68C3F30A013B681B79F3
:10B268009B040B431343BA685101FA680A4402F578
:10B27800306243F0805343F40043136000231846C0
:10B288001437BD465DF8047B7047000080B485B074
:10B2980000AF786039607B68FB603B681B78BB60F7
:10B2A8003B685B78012B61D1BB685A01FB6813448A
:10B2B80003F510631B6803F00043B3F1004F1FD17F
:10B2C800BB685A01FB68134403F510631B68BA682E
:10B2D8005101FA680A4402F5106243F000631360F2
:10B2E800BB685A01FB68134403F510631B68BA680E
:10B2F8005101FA680A4402F5106243F08043136072
:10B30800FB6803F50063DA6B3B681B7803F00F03F7
:10B31800012101FA03F39BB2DB43F96801F50061EF
:10B328001340CB63FB6803F50063DA693B681B785D
:10B3380003F00F03012101FA03F39BB2DB43F96821
:10B3480001F500611340CB61BB685A01FB681344E7
:10B3580003F510631A68BB685901FB680B4403F5D1
:10B3680010631946354B13400B6060E0BB685A0107
:10B37800FB68134403F530631B6803F00043B3F123
:10B38800004F1FD1BB685A01FB68134403F53063B3
:10B398001B68BA685101FA680A4402F5306243F042
:10B3A80000631360BB685A01FB68134403F53063FC
:10B3B8001B68BA685101FA680A4402F5306243F022
:10B3C80080431360FB6803F50063DA6B3B681B7806
:10B3D80003F00F03012101FA03F31B04DB43F968AF
:10B3E80001F500611340CB63FB6803F50063DA697C
:10B3F8003B681B7803F00F03012101FA03F31B04D8
:10B40800DB43F96801F500611340CB61BB685A0161
:10B41800FB68134403F530631A68BB685901FB687D
:10B428000B4403F530631946054B13400B600023AA
:10B4380018461437BD465DF8047B7047007833EC36
:10B448000078F3EF80B586B000AF786039607B682C
:10B458007B613B681B783B613B685B78012B40F064
:10B468000A813B689B69002B32D13B695A017B6991
:10B47800134403F510631B693A6951017A690A4458
:10B4880002F5106223F0FF5323F4C01313613B69E4
:10B498005A017B69134403F510631B693A6951012A
:10B4A8007A690A4402F5106243F4002313613B6988
:10B4B8005A017B69134403F510631B693A6951010A
:10B4C8007A690A4402F51062DB0CDB04136174E04C
:10B4D8003B695A017B69134403F510631B693A6998
:10B4E80051017A690A4402F51062DB0CDB0413612E
:10B4F8003B695A017B69134403F510631B693A6978
:10B5080051017A690A4402F5106223F0FF5323F4CB
:10B51800C01313613B695A017B69134403F5106337
:10B528001A693B6899693B68DB680B44591E3B689C
:10B53800DB68B1FBF3F3D9049E4B0B403969480132
:10B548007969014401F5106113430B613B695A01A4
:10B558007B69134403F510631A693B689B69C3F35D
:10B568001203396948017969014401F510611343EF
:10B578000B613B681B79012B1FD13B695A017B6921
:10B58800134403F510631B693A6951017A690A4447
:10B5980002F5106223F0C04313613B695A017B69CD
:10B5A800134403F510631B693A6951017A690A4427
:10B5B80002F5106243F0005313613B695A017B693D
:10B5C800134403F510631B683A6951017A690A4408
:10B5D80002F5106243F0044313603B681B79012BAA
:10B5E80015D03B689B69002B00F006817B6903F549
:10B5F80000635A6B3B681B7803F00F03012101FAC3
:10B6080003F3796901F5006113434B63F4E07B6947
:10B6180003F500639B6803F48073002B10D13B692A
:10B628005A017B69134403F510631B683A69510199
:10B638007A690A4402F5106243F0005313600FE080
:10B648003B695A017B69134403F510631B683A6927
:10B6580051017A690A4402F5106243F0805313607D
:10B668003B6819693B681A783B689B699BB27868A4
:10B6780000F094FAC0E03B695A017B69134403F572
:10B6880030631B693A6951017A690A4402F53062EC
:10B69800DB0CDB0413613B695A017B69134403F536
:10B6A80030631B693A6951017A690A4402F53062CC
:10B6B80023F0FF5323F4C01313613B689B69002BED
:10B6C80023D13B695A017B69134403F530631A6936
:10B6D8003B68DB68C3F3120339694801796901449F
:10B6E80001F5306113430B613B695A017B691344CF
:10B6F80003F530631B693A6951017A690A4402F516
:10B70800306243F40023136137E03B689A693B6871
:10B71800DB6813445A1E3B68DB68B2FBF3F3FB811A
:10B728003B68DB68FA8903FB02F23B68DA613B6934
:10B738005A017B69134403F530631A69FB89D904FC
:10B748001C4B0B40396948017969014401F53061A6
:10B7580013430B613B695A017B69134403F530635A
:10B768001A693B68DB69C3F31203396948017969CF
:10B77800014401F5306113430B613B681B79012BD0
:10B788002AD17B6903F500639B6803F48073002B5F
:10B7980012D13B695A017B69134403F530631B6876
:10B7A8003A6951017A690A4402F5306243F000535C
:10B7B800136011E00000F81F3B695A017B691344CC
:10B7C80003F530631B683A6951017A690A4402F546
:10B7D800306243F0805313603B695A017B6913441C
:10B7E80003F530631B683A6951017A690A4402F526
:10B7F800306243F004431360002318461837BD46EF
:10B8080080BD00BF80B485B000AF786039607B68C8
:10B81800FB603B681B78BB603B685B78012B40F0A2
:10B82800AB803B689B69002B32D1BB685A01FB682F
:10B83800134403F510631B69BA685101FA680A4496
:10B8480002F5106223F0FF5323F4C0131361BB68A1
:10B858005A01FB68134403F510631B69BA68510168
:10B86800FA680A4402F5106243F400231361BB68C6
:10B878005A01FB68134403F510631B69BA68510148
:10B88800FA680A4402F51062DB0CDB0413614EE02F
:10B89800BB685A01FB68134403F510631B69BA6857
:10B8A8005101FA680A4402F51062DB0CDB041361EB
:10B8B800BB685A01FB68134403F510631B69BA6837
:10B8C8005101FA680A4402F5106223F0FF5323F489
:10B8D800C01313613B689A693B68DB689A4203D9D5
:10B8E8003B68DA683B689A61BB685A01FB68134495
:10B8F80003F510631B69BA685101FA680A4402F536
:10B90800106243F400231361BB685A01FB681344B7
:10B9180003F510631A693B689B69C3F31203B9689E
:10B928004801F968014401F5106113430B61BB68D4
:10B938005A01FB68134403F510631B68BA68510188
:10B94800FA680A4402F5106243F0044313603B6846
:10B958009B69002B71D0FB6803F500635A6B3B6849
:10B968001B7803F00F03012101FA03F3F96801F5CD
:10B97800006113434B6360E0BB685A01FB681344E2
:10B9880003F530631B69BA685101FA680A4402F585
:10B998003062DB0CDB041361BB685A01FB6813449B
:10B9A80003F530631B69BA685101FA680A4402F565
:10B9B800306223F0FF5323F4C01313613B689B6983
:10B9C800002B03D03B68DA683B689A613B68DA6809
:10B9D8003B68DA61BB685A01FB68134403F53063BE
:10B9E8001B69BA685101FA680A4402F5306243F4E7
:10B9F80000231361BB685A01FB68134403F53063E5
:10BA08001A693B68DB69C3F31203B9684801F9682E
:10BA1800014401F5306113430B61BB685A01FB68AF
:10BA2800134403F530631B68BA685101FA680A4485
:10BA380002F5306243F004431360002318461437BC
:10BA4800BD465DF8047B704780B487B000AF78606E
:10BA580039600023FB600023FB757B683B613B6812
:10BA68005B78012B4AD13B681B785A013B69134428
:10BA780003F510631B6803F00043B3F1004F40F077
:10BA880086803B681B785A013B69134403F51063B1
:10BA98001B683A68127851013A690A4402F5106243
:10BAA80043F0006313603B681B785A013B691344F9
:10BAB80003F510631B683A68127851013A690A4421
:10BAC80002F5106243F080431360FB680133FB60AA
:10BAD800FB6842F21072934202D90123FB7556E0CB
:10BAE8003B681B785A013B69134403F510631B68D4
:10BAF80003F00043B3F1004FE7D048E03B681B7800
:10BB08005A013B69134403F530631B6803F0004393
:10BB1800B3F1004F3BD13B681B785A013B69134492
:10BB280003F530631B683A68127851013A690A4490
:10BB380002F5306243F0006313603B681B785A01DA
:10BB48003B69134403F530631B683A681278510166
:10BB58003A690A4402F5306243F080431360FB6897
:10BB68000133FB60FB6842F21072934202D9012351
:10BB7800FB750CE03B681B785A013B69134403F5DD
:10BB880030631B6803F00043B3F1004FE7D0FB7D3F
:10BB980018461C37BD465DF8047B704780B489B0F1
:10BBA80000AFF860B96011461A460B46FB711346A0
:10BBB800BB80FB687B61BB68FB61BB8803339B0868
:10BBC8003B610023BB6118E0FB791A037B691344CE
:10BBD80003F580531A46FB691B681360FB69013340
:10BBE800FB61FB690133FB61FB690133FB61FB69A5
:10BBF8000133FB61BB690133BB61BA693B699A4296
:10BC0800E2D3002318462437BD465DF8047B70470D
:10BC180080B48BB000AFF860B9601346FB80FB6856
:10BC2800BB61BB687B62FB889B089BB27B61FB881E
:10BC380003F00303FB8300233B6214E0BB6903F5B5
:10BC480080531A687B6A1A607B6A01337B627B6A5D
:10BC580001337B627B6A01337B627B6A01337B62DF
:10BC68003B6A01333B623A6A7B699A42E6D3FB8BB3
:10BC7800002B1ED000233B62BB6903F580531A4694
:10BC880007F1100312681A603A693B6ADBB2DB00FD
:10BC980022FA03F3DAB27B6A1A703B6A01333B6219
:10BCA8007B6A01337B62FB8B013BFB83FB8B002BA5
:10BCB800EAD17B6A18462C37BD465DF8047B70478D
:10BCC80080B485B000AF786039607B68FB603B6802
:10BCD8001B78BB603B685B78012B2CD1BB685A0191
:10BCE800FB68134403F510631B68002B12DBBB6869
:10BCF800002B0FD0BB685A01FB68134403F510638F
:10BD08001B68BA685101FA680A4402F5106223F008
:10BD180080431360BB685A01FB68134403F5106342
:10BD28001B68BA685101FA680A4402F5106243F4C4
:10BD3800001313602BE0BB685A01FB68134403F53A
:10BD480030631B68002B12DBBB68002B0FD0BB686D
:10BD58005A01FB68134403F530631B68BA68510144
:10BD6800FA680A4402F5306223F080431360BB6826
:10BD78005A01FB68134403F530631B68BA68510124
:10BD8800FA680A4402F5306243F400131360002392
:10BD980018461437BD465DF8047B704780B485B0FB
:10BDA80000AF786039607B68FB603B681B78BB60DC
:10BDB8003B685B78012B28D1BB685A01FB681344A8
:10BDC80003F510631B68BA685101FA680A4402F562
:10BDD800106223F4001313603B681B79032B03D014
:10BDE8003B681B79022B38D1BB685A01FB681344A6
:10BDF80003F510631B68BA685101FA680A4402F532
:10BE0800106243F08053136027E0BB685A01FB6857
:10BE1800134403F530631B68BA685101FA680A4491
:10BE280002F5306223F4001313603B681B79032B7F
:10BE380003D03B681B79022B0FD1BB685A01FB6802
:10BE4800134403F530631B68BA685101FA680A4461
:10BE580002F5306243F0805313600023184614370C
:10BE6800BD465DF8047B704780B485B000AF78604C
:10BE78000B46FB707B68FB60FB6803F500631B687F
:10BE8800FA6802F5006223F4FE631360FB6803F5A9
:10BE980000631A68FB781B0103F4FE63F96801F577
:10BEA800006113430B60002318461437BD465DF844
:10BEB800047B704780B485B000AF78607B68FB6016
:10BEC800FB6803F560631B68FA6802F5606223F09B
:10BED80003031360FB6803F500635B68FA6802F507
:10BEE800006223F002035360002318461437BD464E
:10BEF8005DF8047B704780B485B000AF78607B68DC
:10BF0800FB60FB6803F560631B68FA6802F5606212
:10BF180023F003031360FB6803F500635B68FA68AA
:10BF280002F5006243F002035360002318461437F9
:10BF3800BD465DF8047B704780B485B000AF78607B
:10BF48007B685B69FB607B689B69FA681340FB60F0
:10BF5800FB6818461437BD465DF8047B704780B40B
:10BF680085B000AF78607B68FB60FB6803F5006311
:10BF78009B69BB60FB6803F50063DB69BA68134023
:10BF8800BB60BB681B0C18461437BD465DF8047BC4
:10BF9800704780B485B000AF78607B68FB60FB6851
:10BFA80003F500639B69BB60FB6803F50063DB690D
:10BFB800BA681340BB60BB689BB218461437BD46CD
:10BFC8005DF8047B704780B485B000AF78600B469D
:10BFD800FB707B68FB60FB785A01FB68134403F530
:10BFE80030639B68BB60FB6803F500635B69BA68F4
:10BFF8001340BB60BB6818461437BD465DF8047B28
:10C00800704780B487B000AF78600B46FB707B68E0
:10C018007B617B6903F500631B693B617B6903F501
:10C0280000635B6BFB60FB7803F00F03FA6822FA8E
:10C0380003F3DB01DBB23A6913433B61FB785A0136
:10C048007B69134403F510639B683A691340BB602E
:10C05800BB6818461C37BD465DF8047B704780B442
:10C0680083B000AF78607B685B6903F00103184612
:10C078000C37BD465DF8047B704780B485B000AFCF
:10C0880078607B68FB60FB6803F510631B68FA68DF
:10C0980002F5106223F4FF6323F007031360FB68C3
:10C0A80003F500635B68FA6802F5006243F4807385
:10C0B8005360002318461437BD465DF8047B70476B
:10C0C80080B485B000AF786039607B68FB607B68BE
:10C0D8003C3304331B68BB60BB681C4A93420AD9D3
:10C0E800FB6803F530631B6803F00043B3F1004FAE
:10C0F80001D1002324E0FB6803F530631A460023CE
:10C108001361FB6803F530631B69FA6802F5306256
:10C1180043F400231361FB6803F530631B69FA6875
:10C1280002F5306243F018031361FB6803F53063CE
:10C138001B69FA6802F5306243F0C04313610023BB
:10C1480018461437BD465DF8047B70470A30544FD3
:10C1580080B485B000AF78600023FB60FB680133D2
:10C16800FB60FB68134A934201D903231BE07B68F9
:10C178001B69002BF2DA0023FB607B681B6943F024
:10C1880001027B681A61FB680133FB60FB68094A9E
:10C19800934201D9032306E07B681B6903F001037E
:10C1A800012BF0D0002318461437BD465DF8047BF8
:10C1B800704700BF400D030080B582B000AF002378
:10C1C800FB71032001F023F90F20FDF7C3F80346A4
:10C1D800002B02D00123FB7101E0FDF797F8FB79F2
:10C1E80018460837BD4680BD80B400AF064B1B78A3
:10C1F8001A46064B1B681344044A136000BFBD4629
:10C208005DF8047B704700BF5001002024540020D3
:10C2180080B400AF034B1B681846BD465DF8047B2D
:10C22800704700BF2454002080B400AF034B1B6844
:10C238001846BD465DF8047B704700BF64020020C5
:10C2480080B500AFFFF7F0FF0246064B9B68DB0A9C
:10C2580003F007030449CB5C03F01F0322FA03F33E
:10C26800184680BD001002400011010880B483B058
:10C2780000AF786039607B680F221A60124B9B68A8
:10C2880003F003027B685A600F4B9B6803F0F002CF
:10C298007B689A600C4B9B6803F4E0627B68DA6009
:10C2A800094B9B68DB0803F4E0627B681A61074B63
:10C2B8001B6803F007023B681A6000BF0C37BD46D5
:10C2C8005DF8047B704700BF001002400020024068
:10C2D80080B487B000AF7860396000237B617FE16C
:10C2E8003B681A6801217B6901FA03F31340FB607C
:10C2F800FB68002B00F071813B685B6803F0030367
:10C30800012B05D03B685B6803F00303022B30D197
:10C318007B689B683B617B695B00032202FA03F33D
:10C32800DB433A6913403B613B68DA687B695B0031
:10C3380002FA03F33A6913433B617B683A699A60EE
:10C348007B685B683B6101227B6902FA03F3DB438C
:10C358003A6913403B613B685B681B0903F00102C3
:10C368007B6902FA03F33A6913433B617B683A69D4
:10C378005A603B685B6803F00303032B18D17B68A2
:10C38800DB6A3B6101227B6902FA03F3DB433A690A
:10C3980013403B613B685B68DB0803F001027B6983
:10C3A80002FA03F33A6913433B617B683A69DA623C
:10C3B8003B685B6803F00303032B17D07B68DB68DB
:10C3C8003B617B695B00032202FA03F3DB433A69B2
:10C3D80013403B613B689A687B695B0002FA03F390
:10C3E8003A6913433B617B683A69DA603B685B688A
:10C3F80003F00303022B23D17B69DA087B68083238
:10C4080053F822303B617B6903F007039B000F223E
:10C4180002FA03F3DB433A6913403B613B681A694C
:10C428007B6903F007039B0002FA03F33A6913439D
:10C438003B617B69DA087B680832396943F8221066
:10C448007B681B683B617B695B00032202FA03F38C
:10C45800DB433A6913403B613B685B6803F00302C6
:10C468007B695B0002FA03F33A6913433B617B681B
:10C478003A691A603B685B6803F44033002B00F0AC
:10C48800AC805F4B1B6E5E4A43F0010313665C4B46
:10C498001B6E03F00103BB60BB685A4A7B699B08AB
:10C4A800023352F823303B617B6903F003039B009E
:10C4B8000F2202FA03F3DB433A6913403B617B68BE
:10C4C800B3F1904F25D07B684F4A93421FD07B68C9
:10C4D8004E4A934219D07B684D4A934213D07B68E9
:10C4E8004C4A93420DD07B684B4A934207D07B68F5
:10C4F8004A4A934201D106230CE007230AE00523A8
:10C5080008E0042306E0032304E0022302E00123F9
:10C5180000E000237A6902F00302920093403A692E
:10C5280013433B6137497B699B0802333A6941F8F9
:10C5380023203B4B9B683B61FB68DB433A69134014
:10C548003B613B685B6803F48013002B03D03A69B6
:10C55800FB6813433B61324A3B699360304BDB68AD
:10C568003B61FB68DB433A6913403B613B685B68AE
:10C5780003F40013002B03D03A69FB6813433B61B3
:10C58800274A3B69D360264B5B683B61FB68DB430A
:10C598003A6913403B613B685B6803F40033002B46
:10C5A80003D03A69FB6813433B611D4A3B695360FA
:10C5B8001B4B1B683B61FB68DB433A6913403B61DB
:10C5C8003B685B6803F48033002B03D03A69FB684F
:10C5D80013433B61124A3B6913607B6901337B61FA
:10C5E8003B681A687B6922FA03F3002B7FF478AE64
:10C5F80000BF00BF1C37BD465DF8047B704700BF15
:10C6080000100240000001400004004800080048F3
:10C61800000C0048001000480014004800180048AA
:10C628000004014080B485B000AF78600B467B8081
:10C638007B681A697B881340002B02D00123FB73A7
:10C6480001E00023FB73FB7B18461437BD465DF8F9
:10C65800047B704780B582B000AF78607B68002BA0
:10C6680001D1012381E07B6893F84130DBB2002BD4
:10C6780006D17B68002283F840207868FBF782FAAD
:10C688007B68242283F841207B681B681A687B68D2
:10C698001B6822F001021A607B685A687B681B6875
:10C6A80022F070621A617B681B689A687B681B6855
:10C6B80022F400429A607B68DB68012B07D17B6813
:10C6C8009A687B681B6842F400429A6006E07B68BF
:10C6D8009A687B681B6842F404429A607B68DB684E
:10C6E800022B04D17B681B684FF400625A607B6898
:10C6F8001B685B687A68126843F0007343F4004370
:10C7080053607B681B68DA687B681B6822F4004208
:10C71800DA607B681A697B685B6942EA03017B68B7
:10C728009B691A027B681B680A43DA607B68D969CF
:10C738007B681A6A7B681B680A431A607B681B68F7
:10C748001A687B681B6842F001021A607B68002245
:10C758005A647B68202283F841207B6800221A6390
:10C768007B68002283F84220002318460837BD461C
:10C7780080BD000080B588B002AFF8600846114659
:10C788001A4603467B810B463B811346FB80FB68B8
:10C7980093F84130DBB2202B40F0F9803B6A002B44
:10C7A80002D0BB8C002B05D1FB684FF400725A6491
:10C7B8000123EDE0FB6893F84030012B01D10223FF
:10C7C800E6E0FB68012283F84020FFF721FD78614D
:10C7D8007B690093192301224FF40041F86800F0A7
:10C7E800C3FA0346002B01D00123D1E0FB682122C4
:10C7F80083F84120FB68402283F84220FB6800222E
:10C808005A64FB683A6A5A62FB68BA8C5A85FB68B4
:10C8180000225A63F8883A8979897B690193BB6A4F
:10C8280000930346F86800F0D3F90346002B05D0BF
:10C83800FB68002283F840200123A9E0FB685B8D98
:10C848009BB2FF2B0ED9FB68FF221A85FB681B8D54
:10C85800DAB27989002300934FF08073F86800F00A
:10C868002BFC0FE0FB685B8D9AB2FB681A85FB68AE
:10C878001B8DDAB27989002300934FF00073F868B2
:10C8880000F01AFC7A69B96AF86800F0ADFA034654
:10C89800002B01D001237BE0FB685B6A1A78FB68F8
:10C8A8001B689A62FB685B6A5A1CFB685A62FB68E1
:10C8B8005B8D9BB2013B9AB2FB685A85FB681B8D66
:10C8C800013B9AB2FB681A85FB685B8D9BB2002B13
:10C8D80034D0FB681B8D002B30D17B690093BB6A79
:10C8E80000228021F86800F03FFA0346002B01D0AF
:10C8F80001234DE0FB685B8D9BB2FF2B0ED9FB68D3
:10C90800FF221A85FB681B8DDAB279890023009310
:10C918004FF08073F86800F0CFFB0FE0FB685B8D89
:10C928009AB2FB681A85FB681B8DDAB279890023F5
:10C9380000934FF00073F86800F0BEFBFB685B8D56
:10C948009BB2002B9ED17A69B96AF86800F08CFA1C
:10C958000346002B01D001231AE0FB681B68202244
:10C96800DA61FB681B685968FB681A680A4B0B4058
:10C978005360FB68202283F84120FB68002283F87B
:10C988004220FB68002283F84020002300E00223B5
:10C9980018461837BD4680BD00E800FE80B588B04F
:10C9A80002AFF860084611461A4603467B810B46DB
:10C9B8003B811346FB80FB6893F84130DBB2202BA8
:10C9C80040F0FD803B6A002B02D0BB8C002B05D1C8
:10C9D800FB684FF400725A640123F1E0FB6893F896
:10C9E8004030012B01D10223EAE0FB68012283F8E1
:10C9F8004020FFF70DFC78617B6900931923012221
:10CA08004FF40041F86800F0AFF90346002B01D05D
:10CA18000123D5E0FB68222283F84120FB684022ED
:10CA280083F84220FB6800225A64FB683A6A5A621B
:10CA3800FB68BA8C5A85FB6800225A63F8883A89E1
:10CA480079897B690193BB6A00930346F86800F013
:10CA580013F90346002B05D0FB68002283F8402019
:10CA68000123ADE0FB685B8D9BB2FF2B0ED9FB6801
:10CA7800FF221A85FB681B8DDAB27989524B009325
:10CA88004FF08073F86800F017FB0FE0FB685B8DD0
:10CA98009AB2FB681A85FB681B8DDAB279894A4B12
:10CAA80000934FF00073F86800F006FB7B69009371
:10CAB800BB6A00220421F86800F056F90346002BEF
:10CAC80001D001237CE0FB681B685A6AFB685B6A3B
:10CAD800D2B21A70FB685B6A5A1CFB685A62FB6820
:10CAE8001B8D013B9AB2FB681A85FB685B8D9BB274
:10CAF800013B9AB2FB685A85FB685B8D9BB2002BA1
:10CB080034D0FB681B8D002B30D17B690093BB6A46
:10CB180000228021F86800F027F90346002B01D095
:10CB280001234DE0FB685B8D9BB2FF2B0ED9FB68A0
:10CB3800FF221A85FB681B8DDAB2798900230093DE
:10CB48004FF08073F86800F0B7FA0FE0FB685B8D70
:10CB58009AB2FB681A85FB681B8DDAB279890023C3
:10CB680000934FF00073F86800F0A6FAFB685B8D3D
:10CB78009BB2002B9AD17A69B96AF86800F074F907
:10CB88000346002B01D001231AE0FB681B68202212
:10CB9800DA61FB681B685968FB681A680B4B0B4025
:10CBA8005360FB68202283F84120FB68002283F849
:10CBB8004220FB68002283F84020002300E0022383
:10CBC80018461837BD4680BD0024008000E800FEE6
:10CBD80080B586B002AFF860084611461A4603468B
:10CBE8007B810B463B811346FB80FB88DAB279894F
:10CBF800204B00934FF08073F86800F05DFAFA69F3
:10CC0800B969F86800F0F0F80346002B01D0012359
:10CC18002CE0FB88012B05D13B89DAB2FB681B6845
:10CC28009A6215E03B891B0A9BB2DAB2FB681B6863
:10CC38009A62FA69B969F86800F0D6F80346002BD9
:10CC480001D0012312E03B89DAB2FB681B689A62C3
:10CC5800FB690093BB6900228021F86800F084F822
:10CC68000346002B01D0012300E0002318461037AB
:10CC7800BD4680BD0020008080B586B002AFF86058
:10CC8800084611461A4603467B810B463B811346EC
:10CC9800FB80FB88DAB27989204B00930023F8687F
:10CCA80000F00AFAFA69B969F86800F09DF80346D5
:10CCB800002B01D001232CE0FB88012B05D13B89F7
:10CCC800DAB2FB681B689A6215E03B891B0A9BB2C3
:10CCD800DAB2FB681B689A62FA69B969F86800F009
:10CCE80083F80346002B01D0012312E03B89DAB216
:10CCF800FB681B689A62FB690093BB6900224021AC
:10CD0800F86800F031F80346002B01D0012300E059
:10CD1800002318461037BD4680BD00BF00200080A4
:10CD280080B483B000AF78607B681B689B6903F0B0
:10CD38000203022B03D17B681B6800229A627B687E
:10CD48001B689B6903F00103012B07D07B681B68F4
:10CD58009A697B681B6842F001029A6100BF0C3730
:10CD6800BD465DF8047B704780B584B000AFF860BD
:10CD7800B9603B601346FB7122E03B68B3F1FF3FAB
:10CD88001ED0FFF745FA0246BB69D31A3A689A42A1
:10CD980002D33B68002B13D1FB685B6C43F0200285
:10CDA800FB685A64FB68202283F84120FB68002254
:10CDB80083F84220FB68002283F8402001230FE01B
:10CDC800FB681B689A69BB681340BA689A420CBF33
:10CDD80001230023DBB21A46FB799A42CDD0002307
:10CDE80018461037BD4680BD80B584B000AFF860E6
:10CDF800B9607A602CE07A68B968F86800F070F871
:10CE08000346002B01D001232AE0BB68B3F1FF3FA2
:10CE18001ED0FFF7FDF902467B68D31ABA689A421A
:10CE280002D3BB68002B13D1FB685B6C43F0200274
:10CE3800FB685A64FB68202283F84120FB680022C3
:10CE480083F84220FB68002283F84020012307E092
:10CE5800FB681B689B6903F00203022BCBD10023FC
:10CE680018461037BD4680BD80B584B000AFF86065
:10CE7800B9607A6028E07A68B968F86800F030F834
:10CE88000346002B01D0012326E0FFF7C1F9024633
:10CE98007B68D31ABA689A4202D3BB68002B13D1B5
:10CEA800FB685B6C43F02002FB685A64FB68202235
:10CEB80083F84120FB68002283F84220FB680022A7
:10CEC80083F84020012307E0FB681B689B6903F097
:10CED8002003202BCFD1002318461037BD4680BD34
:10CEE80080B58AB000AFF860B9607A60002387F82F
:10CEF8002730FB681B689B69BB6100233B627B682A
:10CF0800FB61BB6903F01003002B75D0FB681B683D
:10CF18001022DA6156E0BB68B3F1FF3F52D0FFF749
:10CF280077F90246FB69D31ABA689A4202D3BB68FA
:10CF3800002B47D1FB681B685B6803F480437B6167
:10CF4800FB6893F84230FB74FB681B689B6903F429
:10CF58000043B3F5004F2ED17B69B3F5804F2AD03B
:10CF6800FB7C202B27D0FB681B685A68FB681B6872
:10CF780042F480425A60FFF74BF9F8611BE0FFF773
:10CF880047F90246FB69D31A192B14D9FB685B6C65
:10CF980043F02002FB685A64FB68202283F8412092
:10CFA800FB68002283F84220FB68002283F84020B7
:10CFB800012387F82730FB681B689B6903F020036F
:10CFC800202BDCD1FB681B689B6903F02003202B16
:10CFD80003D097F82730002B9DD097F82730002BE7
:10CFE80003D1FB681B682022DA613B6A43F0040323
:10CFF8003B62012387F82730FB681B689B69BB618C
:10D00800BB6903F48073002B0BD03B6A43F0010328
:10D018003B62FB681B684FF48072DA61012387F872
:10D028002730BB6903F48063002B0BD03B6A43F0C5
:10D0380008033B62FB681B684FF48062DA610123D6
:10D0480087F82730BB6903F40073002B0BD03B6AC9
:10D0580043F002033B62FB681B684FF40072DA611D
:10D06800012387F8273097F82730002B1CD0F86861
:10D07800FFF756FEFB681B685968FB681A680D4B7A
:10D088000B405360FB685A6C3B6A1A43FB685A644E
:10D09800FB68202283F84120FB68002283F84220A5
:10D0A800FB68002283F8402097F827301846283775
:10D0B800BD4680BD00E800FE80B487B000AFF860D0
:10D0C8007B600B467B8113467B727B89C3F3090225
:10D0D8007B7A1B0403F47F031A437B681A433B6A79
:10D0E800134323F000437B61FB681B685A683B6A63
:10D0F8005B0D03F48061084B0B43DB4302EA030139
:10D10800FB681B687A690A435A6000BF1C37BD4632
:10D118005DF8047B704700BFFF63FF0380B483B0F2
:10D1280000AF786039607B6893F84130DBB2202B20
:10D1380038D17B6893F84030012B01D1022332E0CB
:10D148007B68012283F840207B68242283F84120F1
:10D158007B681B681A687B681B6822F001021A60EA
:10D168007B681B681A687B681B6822F480521A6007
:10D178007B681B6819687B681B683A680A431A60F1
:10D188007B681B681A687B681B6842F001021A609A
:10D198007B68202283F841207B68002283F84020A6
:10D1A800002300E0022318460C37BD465DF8047BD7
:10D1B800704780B485B000AF786039607B6893F8B9
:10D1C8004130DBB2202B39D17B6893F84030012BFA
:10D1D80001D1022333E07B68012283F840207B6879
:10D1E800242283F841207B681B681A687B681B68C7
:10D1F80022F001021A607B681B681B68FB60FB68F1
:10D2080023F47063FB603B681B02FA681343FB60FE
:10D218007B681B68FA681A607B681B681A687B68F9
:10D228001B6842F001021A607B68202283F84120C3
:10D238007B68002283F84020002300E00223184680
:10D248001437BD465DF8047B7047000080B400AF1A
:10D25800054B5B68044A43F48063536000BFBD46D6
:10D268005DF8047B704700BF0070004080B485B053
:10D2780000AF78607B6803F00703FB600C4BDB684A
:10D28800BB60BA684FF6FF031340BB60FB681A0225
:10D29800BB68134343F0BF6343F40033BB60044AE5
:10D2A800BB68D36000BF1437BD465DF8047B704788
:10D2B80000ED00E080B400AF044BDB681B0A03F00C
:10D2C80007031846BD465DF8047B704700ED00E093
:10D2D80080B483B000AF0346FB7197F90730002B89
:10D2E8000BDBFB7903F01F02074997F907305B094D
:10D2F800012000FA02F241F8232000BF0C37BD4696
:10D308005DF8047B704700BF00E100E080B483B0A3
:10D3180000AF0346FB7197F90730002B12DBFB794E
:10D3280003F01F020A4997F907305B09012000FA48
:10D3380002F2203341F82320BFF34F8F00BFBFF321
:10D348006F8F00BF00BF0C37BD465DF8047B704788
:10D3580000E100E080B483B000AF03463960FB71A0
:10D3680097F90730002B0ADB3B68DAB20C4997F9CA
:10D3780007301201D2B20B4483F800230AE03B685D
:10D38800DAB20849FB7903F00F03043B1201D2B269
:10D398000B441A7600BF0C37BD465DF8047B704716
:10D3A80000E100E000ED00E080B489B000AFF86073
:10D3B800B9607A60FB6803F00703FB61FB69C3F19E
:10D3C8000703042B28BF0423BB61FB690433062B26
:10D3D80002D9FB69033B00E000237B614FF0FF3279
:10D3E800BB6902FA03F3DA43BB681A407B699A40C7
:10D3F8004FF0FF317B6901FA03F3D9437B680B4097
:10D40800134318462437BD465DF8047B704780B542
:10D4180082B000AF78607868FFF728FF00BF083750
:10D42800BD4680BD80B586B000AF0346B9607A605E
:10D43800FB7300237B61FFF73DFF78617A68B96869
:10D448007869FFF7B1FF024697F90F301146184681
:10D45800FFF780FF00BF1837BD4680BD80B582B09A
:10D4680000AF0346FB7197F907301846FFF730FF06
:10D4780000BF0837BD4680BD80B582B000AF034607
:10D48800FB7197F907301846FFF740FF00BF0837D0
:10D49800BD4680BD80B483B000AF786039607B68DA
:10D4A8001B6B23F00F023B681A437B681A6300BFAB
:10D4B8000C37BD465DF8047B704780B483B000AF7D
:10D4C80078607B689B6803F00103012B01D101237D
:10D4D80000E0002318460C37BD465DF8047B704712
:10D4E80090B585B000AF786039600023FB731C48A5
:10D4F800FFF7E3FF04461B48FFF7DFFF03461C4323
:10D508001948FFF7DAFF03462343002B20D13B6875
:10D518005B68002B12D07B689A68144B13403A68FA
:10D5280011683A68526811433A68926811433A6838
:10D53800D2680A431A437B689A600BE07B689A6852
:10D548000A4B13403A6812681A437B689A6001E0F4
:10D558000123FB73FB7B18461437BD4690BD00BF03
:10D56800000004500001045000020450E030C0FFE5
:10D5780080B584B000AF786039600023FB737868A9
:10D58800FFF79BFF0346002B11D17B68DB6823F470
:10D59800804323F038033A6811683A6852681143A7
:10D5A8003A6892680A431A437B68DA6001E001230B
:10D5B800FB73FB7B18461037BD4680BD80B584B031
:10D5C80000AF786039600023FB737868FFF775FF58
:10D5D8000346002B32D13B685B68002B15D07B6873
:10D5E800DA681A4B13403A6811683A68926811432E
:10D5F8003A68D26811433A68126911433A68526925
:10D608000A431A437B68DA6011E07B68DA680F4BDB
:10D6180013403A6811683A68D26811433A68126947
:10D6280011433A6852690A431A437B68DA603B68D7
:10D638005B6819467868FFF72DFF01E00123FB734B
:10D64800FB7B18461037BD4680BD00BF3CC0F0FFCD
:10D6580080B582B000AF78607B68002B01D10123D0
:10D6680049E07B6893F83D30DBB2002B06D17B683C
:10D67800002283F83C207868FAF720FD7B680222B4
:10D6880083F83D207B681A687B6804331946104686
:10D6980000F0B6FA7B68012283F848207B680122F3
:10D6A80083F83E207B68012283F83F207B680122B3
:10D6B80083F840207B68012283F841207B6801229F
:10D6C80083F842207B68012283F843207B6801228B
:10D6D80083F844207B68012283F845207B68012277
:10D6E80083F846207B68012283F847207B68012263
:10D6F80083F83D20002318460837BD4680BD00004A
:10D7080080B485B000AF78607B6893F83D30DBB2B9
:10D71800012B01D001234FE07B68022283F83D20D2
:10D728007B681B68DA687B681B6842F00102DA6074
:10D738007B681B68234A93421DD07B681B68B3F142
:10D74800804F18D07B681B681F4A934213D07B68B0
:10D758001B681E4A93420ED07B681B681C4A934282
:10D7680009D07B681B681B4A934204D07B681B68FE
:10D77800194A934215D17B681B689A68174B134066
:10D78800FB60FB68062B15D0FB68B3F5803F11D012
:10D798007B681B681A687B681B6842F001021A6084
:10D7A80008E07B681B681A687B681B6842F0010206
:10D7B8001A6000E000BF002318461437BD465DF824
:10D7C800047B7047002C0140000400400008004022
:10D7D800000C0040003401400040014007000100F7
:10D7E80080B582B000AF78607B681B681B6903F066
:10D7F8000203022B22D17B681B68DB6803F002035B
:10D80800022B1BD17B681B686FF002021A617B68D0
:10D8180001221A777B681B689B6903F00303002BBE
:10D8280003D0786800F0CEF905E0786800F0C0F918
:10D83800786800F0D1F97B6800221A777B681B684A
:10D848001B6903F00403042B22D17B681B68DB6887
:10D8580003F00403042B1BD17B681B686FF00402E0
:10D868001A617B6802221A777B681B689B6903F43C
:10D878004073002B03D0786800F0A4F905E07868BD
:10D8880000F096F9786800F0A7F97B6800221A770B
:10D898007B681B681B6903F00803082B22D17B688F
:10D8A8001B68DB6803F00803082B1BD17B681B6827
:10D8B8006FF008021A617B6804221A777B681B687C
:10D8C800DB6903F00303002B03D0786800F07AF9D2
:10D8D80005E0786800F06CF9786800F07DF97B68FD
:10D8E80000221A777B681B681B6903F01003102B52
:10D8F80022D17B681B68DB6803F01003102B1BD157
:10D908007B681B686FF010021A617B6808221A771F
:10D918007B681B68DB6903F44073002B03D07868CD
:10D9280000F050F905E0786800F042F9786800F0F6
:10D9380053F97B6800221A777B681B681B6903F020
:10D948000103012B0ED17B681B68DB6803F0010320
:10D95800012B07D17B681B686FF001021A61786898
:10D96800F9F74CF87B681B681B6903F08003802B70
:10D978000ED17B681B68DB6803F08003802B07D11E
:10D988007B681B686FF080021A61786800F0FEFA05
:10D998007B681B681B6903F48073B3F5807F0ED125
:10D9A8007B681B68DB6803F08003802B07D17B68EA
:10D9B8001B686FF480721A61786800F0F1FA7B686E
:10D9C8001B681B6903F04003402B0ED17B681B6862
:10D9D800DB6803F04003402B07D17B681B686FF0BE
:10D9E80040021A61786800F001F97B681B681B69BE
:10D9F80003F02003202B0ED17B681B68DB6803F043
:10DA08002003202B07D17B681B686FF020021A6166
:10DA1800786800F0B1FA00BF0837BD4680BD80B510
:10DA280084B000AF786039600023FB737B6893F89B
:10DA38003C30012B01D10223B6E07B68012283F838
:10DA48003C207B68022283F83D207B681B689B682A
:10DA5800BB60BB6823F4803323F07703BB60BB68EB
:10DA680023F47F43BB607B681B68BA689A603B6895
:10DA78001B68B3F5005F3ED0B3F5005F00F2878006
:10DA8800B3F5805F00F08680B3F5805F7FD8702B98
:10DA98001AD0702B7BD8602B50D0602B77D8502BA6
:10DAA8003CD0502B73D8402B58D0402B6FD8302BFC
:10DAB80064D0302B6BD8202B60D0202B67D8002B5C
:10DAC8005CD0102B5AD062E07B6818683B68996874
:10DAD8003B685A683B68DB6800F0A6F97B681B68FE
:10DAE8009B68BB60BB6843F07703BB607B681B68BF
:10DAF800BA689A604FE07B6818683B6899683B6829
:10DB08005A683B68DB6800F08FF97B681B689A6885
:10DB18007B681B6842F480429A603CE07B68186826
:10DB28003B6859683B68DB681A4600F003F97B6874
:10DB38001B685021184600F05CF92CE07B681868D7
:10DB48003B6859683B68DB681A4600F022F97B6835
:10DB58001B686021184600F04CF91CE07B681868C7
:10DB68003B6859683B68DB681A4600F0E3F87B6855
:10DB78001B684021184600F03CF90CE07B681A68E5
:10DB88003B681B681946104600F033F903E001238F
:10DB9800FB7300E000BF7B68012283F83D207B68AF
:10DBA800002283F83C20FB7B18461037BD4680BD19
:10DBB80080B483B000AF786000BF0C37BD465DF815
:10DBC800047B704780B483B000AF786000BF0C3727
:10DBD800BD465DF8047B704780B483B000AF7860C1
:10DBE80000BF0C37BD465DF8047B704780B483B036
:10DBF80000AF786000BF0C37BD465DF8047B704706
:10DC080080B485B000AF786039607B681B68FB60C2
:10DC18007B68404A934213D07B68B3F1804F0FD0A2
:10DC28007B683D4A93420BD07B683C4A934207D0BD
:10DC38007B683B4A934203D07B683A4A934208D1B7
:10DC4800FB6823F07003FB603B685B68FA6813436A
:10DC5800FB607B682F4A93421FD07B68B3F1804FEB
:10DC68001BD07B682C4A934217D07B682B4A93427F
:10DC780013D07B682A4A93420FD07B68294A934283
:10DC88000BD07B68284A934207D07B68274A934287
:10DC980003D07B68264A934208D1FB6823F440737B
:10DCA800FB603B68DB68FA681343FB60FB6823F0A2
:10DCB80080023B685B691343FB607B68FA681A6003
:10DCC8003B689A687B68DA623B681A687B689A6284
:10DCD8007B68104A93420FD07B68124A93420BD05C
:10DCE8007B68114A934207D07B68104A934203D05D
:10DCF8007B680F4A934203D13B681A697B681A63B1
:10DD08007B6801225A6100BF1437BD465DF8047B69
:10DD1800704700BF002C014000040040000800408C
:10DD2800000C004000340140004001400044014024
:10DD38000048014080B487B000AFF860B9607A60ED
:10DD4800FB681B6A7B61FB681B6A23F00102FB68A6
:10DD58001A62FB689B693B613B6923F0F0033B61F6
:10DD68007B681B013A6913433B617B6923F00A0313
:10DD78007B617A69BB6813437B61FB683A699A6186
:10DD8800FB687A691A6200BF1C37BD465DF8047BE0
:10DD9800704780B487B000AFF860B9607A60FB68FC
:10DDA8001B6A23F01002FB681A62FB689B697B619F
:10DDB800FB681B6A3B617B6923F470437B617B686A
:10DDC8001B037A6913437B613B6923F0A0033B6122
:10DDD800BB681B013A6913433B61FB687A699A6126
:10DDE800FB683A691A6200BF1C37BD465DF8047BC0
:10DDF800704780B485B000AF786039607B689B68F5
:10DE0800FB60FB6823F07003FB603A68FB68134310
:10DE180043F00703FB607B68FA689A6000BF143719
:10DE2800BD465DF8047B704780B487B000AFF860EA
:10DE3800B9607A603B60FB689B687B617B6923F40F
:10DE48007F437B613B681A027B681A43BB681343B4
:10DE58007A6913437B61FB687A699A6000BF1C3753
:10DE6800BD465DF8047B704780B485B000AF78602C
:10DE780039607B6893F83C30012B01D1022368E0BC
:10DE88007B68012283F83C207B68022283F83D20CE
:10DE98007B681B685B68FB607B681B689B68BB6072
:10DEA8007B681B682E4A934204D07B681B682D4A06
:10DEB800934208D1FB6823F47003FB603B685B68FE
:10DEC800FA681343FB60FB6823F07003FB603B6850
:10DED8001B68FA681343FB607B681B68FA685A6022
:10DEE8007B681B681E4A93421DD07B681B68B3F190
:10DEF800804F18D07B681B681B4A934213D07B68FD
:10DF08001B681A4A93420ED07B681B68184A9342D2
:10DF180009D07B681B68134A934204D07B681B684E
:10DF2800144A93420CD1BB6823F08003BB603B6862
:10DF38009B68BA681343BB607B681B68BA689A60C1
:10DF48007B68012283F83D207B68002283F83C200F
:10DF5800002318461437BD465DF8047B704700BFA0
:10DF6800002C01400034014000040040000800403B
:10DF7800000C00400040014080B483B000AF7860DE
:10DF880000BF0C37BD465DF8047B704780B483B092
:10DF980000AF786000BF0C37BD465DF8047B704762
:10DFA80080B483B000AF786000BF0C37BD465DF821
:10DFB800047B704780B483B000AF786039607B68B9
:10DFC8003A689A6200BF0C37BD465DF8047B70471B
:10DFD80080B483B000AF786039607B683A68DA62F1
:10DFE80000BF0C37BD465DF8047B704780B483B032
:10DFF80000AF786039607B683A681A6300BF0C37F5
:10E00800BD465DF8047B704780B483B000AF78608C
:10E0180039607B683A685A6300BF0C37BD465DF8C3
:10E02800047B704780B483B000AF786039607B6848
:10E038003A689A6300BF0C37BD465DF8047B7047A9
:10E0480080B483B000AF786039607B683A68DA637F
:10E0580000BF0C37BD465DF8047B704780B483B0C1
:10E0680000AF786039607B683A681A6400BF0C3783
:10E07800BD465DF8047B704780B483B000AF78601C
:10E0880039607B689B6D7B683A689A6500BF0C377E
:10E09800BD465DF8047B704780B483B000AF7860FC
:10E0A80039607B683A68DA6500BF0C37BD465DF8B1
:10E0B800047B704780B483B000AF78607B685B698D
:10E0C80043F001027B685A6100BF0C37BD465DF81A
:10E0D800047B704780B584B000AF786039607B6896
:10E0E8001B68FB607B683D4A934213D07B68B3F1A1
:10E0F800804F0FD07B683A4A93420BD07B68394AED
:10E10800934207D07B68384A934203D07B68374AEA
:10E11800934206D1FB6823F070023B685B681343A7
:10E12800FB607B682D4A93421FD07B68B3F1804F18
:10E138001BD07B682A4A934217D07B68294A9342AE
:10E1480013D07B68284A93420FD07B68274A9342B2
:10E158000BD07B68264A934207D07B68254A9342B6
:10E1680003D07B68244A934206D1FB6823F44072AB
:10E178003B68DB681343FB607B68FA681A603B689E
:10E188009B6819467868FFF723FF3B681B88194688
:10E198007868FFF70FFF7B68104A93420FD07B68BF
:10E1A800124A93420BD07B68114A934207D07B688E
:10E1B800104A934203D07B680F4A934205D13B68CB
:10E1C8001B6919467868FFF711FF7868FFF772FF37
:10E1D800002318461037BD4680BD00BF002C014003
:10E1E8000004004000080040000C004000340140DA
:10E1F80000400140004401400048014080B586B01D
:10E2080000AFF860B9607A600123FB75BB68B3F5AD
:10E21800801F45D0BB68B3F5801F48D8BB68B3F5ED
:10E22800803F36D0BB68B3F5803F40D8BB68B3F5B4
:10E23800805F27D0BB68B3F5805F38D8BB68B3F57B
:10E24800807F18D0BB68B3F5807F30D8BB68012BBE
:10E2580003D0BB68102B07D029E07968F86800F074
:10E268002DF80346FB7523E07968F86800F0A6F8F6
:10E278000346FB751CE07968F86800F023F903464B
:10E28800FB7515E07968F86800F0A0F90346FB759E
:10E298000EE07968F86800F005FA0346FB7507E0B8
:10E2A8007968F86800F062FA0346FB7500E000BF81
:10E2B800FB7D18461837BD4680BD000080B586B086
:10E2C80000AF786039607B681B6A23F001027B68C5
:10E2D8001A627B681B6A7B617B685B683B617B6851
:10E2E8009B69FB60FB6823F00303FB60FB6823F476
:10E2F800803323F070033A6812681343FB607B692C
:10E3080023F002023B681B6913437B617B6923F09E
:10E3180001023B685B6813437B617B68224A934236
:10E328000FD07B68214A93420BD07B68204A9342E6
:10E3380007D07B681F4A934203D07B681E4A9342EA
:10E348001ED17B6923F008023B685B699B0013437D
:10E358007B617B6923F004023B689B689B00134345
:10E368007B613B6923F480723B689B6913433B6183
:10E378003B6923F400723B68DB695B0013433B6134
:10E388007B683A695A607B68FA689A613B68DB681F
:10E3980019467868FFF738FE7B687A691A620023A5
:10E3A80018461837BD4680BD002C01400034014096
:10E3B80000400140004401400048014080B586B05B
:10E3C80000AF786039607B681B6A23F010027B68B5
:10E3D8001A627B681B6A7B617B685B683B617B6850
:10E3E8009B69FB60FB6823F44073FB60FB6823F0C8
:10E3F800807323F4E0433A68126812021343FB6007
:10E408007B6923F020023B681B691B0113437B6176
:10E418007B6923F010023B685B681B0113437B6137
:10E428007B68234A93420FD07B68224A93420BD0E1
:10E438007B68214A934207D07B68204A934203D0E5
:10E448007B681F4A93421FD17B6923F080023B6897
:10E458005B699B0113437B617B6923F040023B6846
:10E468009B689B0113437B613B6923F480623B6893
:10E478009B699B0013433B613B6923F400623B6843
:10E48800DB69DB0013433B617B683A695A607B6850
:10E49800FA689A613B68DB6819467868FFF7C2FD3D
:10E4A8007B687A691A62002318461837BD4680BD12
:10E4B800002C01400034014000400140004401406C
:10E4C8000048014080B586B000AF786039607B684D
:10E4D8001B6A23F480727B681A627B681B6A7B6103
:10E4E8007B685B683B617B68DB69FB60FB6823F0EA
:10E4F8000303FB60FB6823F4803323F070033A685E
:10E5080012681343FB607B6923F400723B681B6944
:10E518001B0213437B617B6923F480723B685B6851
:10E528001B0213437B617B68234A93420FD07B68AD
:10E53800224A93420BD07B68214A934207D07B68DA
:10E54800204A934203D07B681F4A93421FD17B69BC
:10E5580023F400623B685B699B0213437B617B6920
:10E5680023F480623B689B689B0213437B613B6991
:10E5780023F480523B689B691B0113433B613B6951
:10E5880023F400523B68DB695B0113433B617B6802
:10E598003A695A607B68FA68DA613B68DB68194651
:10E5A8007868FFF74DFD7B687A691A620023184680
:10E5B8001837BD4680BD00BF002C01400034014023
:10E5C80000400140004401400048014080B586B049
:10E5D80000AF786039607B681B6A23F480527B68DF
:10E5E8001A627B681B6A3B617B685B687B617B683E
:10E5F800DB69FB60FB6823F44073FB60FB6823F076
:10E60800807323F4E0433A68126812021343FB60F4
:10E618003B6923F400523B681B691B0313433B61AE
:10E628003B6923F480523B685B681B0313433B61DF
:10E638007B68174A93420FD07B68164A93420BD0E7
:10E648007B68154A934207D07B68144A934203D0EB
:10E658007B68134A934207D17B6923F480423B6865
:10E668009B699B0113437B617B687A695A607B686D
:10E67800FA68DA613B68DB6819467868FFF7EEFCF0
:10E688007B683A691A62002318461837BD4680BD70
:10E69800002C01400034014000400140004401408A
:10E6A8000048014080B584B000AF786039607B686D
:10E6B8001B6A23F480327B681A627B681B6AFB60E2
:10E6C8007B685B6DBB60BB6823F4803323F0700309
:10E6D8003A6812681343BB60FB6823F400323B6856
:10E6E8001B691B041343FB60FB6823F480323B68FF
:10E6F8005B681B041343FB607B68174A93420FD087
:10E708007B68164A93420BD07B68154A934207D020
:10E718007B68144A934203D07B68134A934209D119
:10E728007B685B6823F480323B689B691B021A4351
:10E738007B685A607B68BA685A653B68DB6819462B
:10E748007868FFF799FC7B68FA681A620023184614
:10E758001037BD4680BD00BF002C01400034014089
:10E7680000400140004401400048014080B584B0A9
:10E7780000AF786039607B681B6A23F480127B687D
:10E788001A627B681B6AFB607B685B6DBB60BB6859
:10E7980023F0807323F4E0433A68126812021343AB
:10E7A800BB60FB6823F400123B681B691B0513431D
:10E7B800FB60FB6823F480123B685B681B0513430E
:10E7C800FB607B68164A93420FD07B68154A9342D8
:10E7D8000BD07B68144A934207D07B68134A934254
:10E7E80003D07B68124A934209D17B685B6823F4A3
:10E7F80080223B689B699B021A437B685A607B684E
:10E80800BA685A653B68DB6819467868FFF744FCC4
:10E818007B68FA681A62002318461037BD4680BD27
:10E82800002C0140003401400040014000440140F8
:10E838000048014080B483B000AF78607B681B68F3
:10E8480003F00103012B01D1012300E00023184646
:10E858000C37BD465DF8047B704780B483B000AFC9
:10E86800786039607B685B6823F440523B681A43E0
:10E878007B685A6000BF0C37BD465DF8047B704763
:10E8880080B483B000AF786039607B689B6823F4FC
:10E8980040723B681A437B689A6000BF0C37BD46DC
:10E8A8005DF8047B704780B487B000AFF860B9604A
:10E8B8007A603B607B68B3F5004F1AD1BB685A0099
:10E8C8003B685B081A443B68B2FBF3F39BB27B617D
:10E8D8007A694FF6F07313403B617B695B089BB222
:10E8E80003F007033A6913433B61FB683A69DA604E
:10E8F8000AE03B685A08BB681A443B68B2FBF3F36A
:10E908009BB21A46FB68DA6000BF1C37BD465DF84B
:10E91800047B704780B584B000AF7860396001230C
:10E92800FB730023BB607868FFF784FF0346002B66
:10E938005BD17B681A682F4B13403A6851683A6874
:10E94800D26811433A68126911433A6892690A43D6
:10E958001A437B681A603B689B6819467868FFF71A
:10E968007CFF3B685B6919467868FFF789FF7B681D
:10E97800214A934204D1032000F036F9B86023E01D
:10E988007B681E4A934204D10C2000F02DF9B86030
:10E998001AE07B681A4A934204D1302000F024F927
:10E9A800B86011E07B68174A934204D1C02000F098
:10E9B800FDF9B86008E07B68134A934204D14FF42C
:10E9C800407000F0F3F9B860BB68002B0DD03B68CD
:10E9D8001B68002B09D00023FB733B689A693B68CE
:10E9E8001B68B9687868FFF75EFFFB7B184610372D
:10E9F800BD4680BDF369FFEF003801400044004088
:10EA080000480040004C00400050004080B400AF77
:10EA1800074B1B6803F48063B3F5806F01D10123B2
:10EA280000E000231846BD465DF8047B704700BF30
:10EA38000010024080B400AF074BD3F8903003F0C9
:10EA48000203022B01D1012300E000231846BD4632
:10EA58005DF8047B704700BF0010024080B400AF2F
:10EA6800064B1B6803F00803082B01D1012300E0C3
:10EA780000231846BD465DF8047B7047001002402D
:10EA880080B400AF044B1B6803F0F0031846BD4682
:10EA98005DF8047B704700BF0010024080B400AFEF
:10EAA800044BD3F8943003F470631846BD465DF800
:10EAB800047B70470010024080B400AF044B9B6891
:10EAC80003F00C031846BD465DF8047B704700BF91
:10EAD8000010024080B400AF044B9B6803F0F003C1
:10EAE8001846BD465DF8047B704700BF0010024021
:10EAF80080B400AF044B9B6803F4E0631846BD463E
:10EB08005DF8047B704700BF0010024080B400AF7E
:10EB1800044B9B6803F460531846BD465DF8047BBC
:10EB2800704700BF0010024080B483B000AF786027
:10EB3800064BD3F888207B681A407B681B04134374
:10EB480018460C37BD465DF8047B7047001002403C
:10EB580080B483B000AF7860064BD3F888207B6818
:10EB68001A407B681B04134318460C37BD465DF8F2
:10EB7800047B70470010024080B400AF044BDB6890
:10EB880003F003031846BD465DF8047B704700BFD9
:10EB98000010024080B400AF044BDB681B0A03F08E
:10EBA8007F031846BD465DF8047B7047001002409D
:10EBB80080B400AF044BDB6803F0C0631846BD4661
:10EBC8005DF8047B704700BF0010024080B400AFBE
:10EBD800044BDB6803F070031846BD465DF8047B00
:10EBE800704700BF0010024080B584B000AF786065
:10EBF8000023FB607B68032B37D17868FFF794FF0D
:10EC08000346A3F54033032B00F2B38001A252F868
:10EC180023F000BF5BEC00082DEC000835EC000881
:10EC280047EC000800F056F9F860B3E0FFF7EEFE95
:10EC38000346002B00F09F80594BFB609BE0FFF7D9
:10EC4800F9FE0346002B00F098804FF40043FB6068
:10EC580093E000F03FF90346184600F0CBF903466D
:10EC6800184600F0F1F9F86094E07B680C2B46D167
:10EC78007868FFF759FF0346A3F540230C2B7ED88D
:10EC880001A252F823F000BFEFEC000887ED00085E
:10EC980087ED000887ED0008C5EC000887ED00083F
:10ECA80087ED000887ED0008CDEC000887ED000827
:10ECB80087ED000887ED0008DDEC000800F00AF990
:10ECC800F86067E0FFF7A2FE0346002B59D0344BEB
:10ECD800FB6056E0FFF7AEFE0346002B53D04FF41F
:10ECE8000043FB604FE000F0F5F80346184600F0DB
:10ECF80081F90346184600F093F9F8604AE07B680A
:10ED0800302B47D17868FFF70FFF0346B3F1301F68
:10ED18001AD0B3F1301F38D8224A93420CD0214A76
:10ED2800934232D8B3F5401F17D01F4A93422CD1D3
:10ED380000F0D0F8F8602DE0FFF768FE0346002BDE
:10ED480025D0174BFB6022E0FFF774FE0346002B2B
:10ED58001FD04FF40043FB601BE000F0BBF80346F4
:10ED6800184600F047F90346184600F059F9F860CC
:10ED780010E000BF0EE000BF0CE000BF0AE000BFDB
:10ED880008E000BF06E000BF04E000BF02E000BFEB
:10ED980000E000BFFB6818461037BD4680BD00BFC5
:10EDA8000024F400200030001000300080B584B04A
:10EDB80000AF78600023FB607B68C02B3BD178688C
:10EDC800FFF7C6FE0346B3F1C01F1AD0B3F1C01F48
:10EDD8002CD83B4A93420CD0394A934226D8B3F5F3
:10EDE800400F17D0374A934220D100F073F8F860EB
:10EDF80021E0FFF70BFE0346002B19D0324BFB60D6
:10EE080016E0FFF717FE0346002B13D04FF400431C
:10EE1800FB600FE000F05EF80346184600F0EAF8E1
:10EE28000346184600F0FCF8F86004E000BF02E072
:10EE380000BF00E000BF7B68B3F5407F3BD1786836
:10EE4800FFF786FE0346B3F1032F1AD0B3F1032F61
:10EE58002CD81E4A93420CD01C4A934226D8B3F1B0
:10EE6800407F17D01A4A934220D100F033F8F86057
:10EE780021E0FFF7CBFD0346002B19D0124BFB60B6
:10EE880016E0FFF7D7FD0346002B13D04FF40043DD
:10EE9800FB600FE000F01EF80346184600F0AAF8E1
:10EEA8000346184600F0BCF8F86004E000BF02E032
:10EEB80000BF00E000BFFB6818461037BD4680BDA4
:10EEC8008000C0004000C0000024F40000020003DD
:10EED8000001000380B582B000AFFFF7EDFD0346E7
:10EEE8000C2B51D801A252F823F000BF29EF0008DB
:10EEF80091EF000891EF000891EF00087DEF0008FE
:10EF080091EF000891EF000891EF000883EF0008E7
:10EF180091EF000891EF000891EF000889EF0008D1
:10EF2800FFF79CFD0346002B11D1FFF797FD034621
:10EF3800002B04D0FFF7A4FD03461B0A03E0FFF7EC
:10EF4800ADFD03461B0A284A52F8233010E0FFF7AC
:10EF580085FD0346002B04D0FFF792FD03461B09ED
:10EF680003E0FFF79BFD03461B091F4A52F82330B5
:10EF78007B6033E01D4B7B6030E01D4B7B602DE0F8
:10EF880000F076F8786029E0FFF768FD0346002B6B
:10EF980011D1FFF763FD0346002B04D0FFF770FD86
:10EFA80003461B0A03E0FFF779FD03461B0A0E4AD6
:10EFB80052F8233010E0FFF751FD0346002B04D030
:10EFC800FFF75EFD03461B0903E0FFF767FD0346F5
:10EFD8001B09054A52F823307B6000BF7B6818463E
:10EFE8000837BD4680BD00BF081101080024F400A1
:10EFF80000127A0080B582B000AF7860FFF76AFD32
:10F0080003461B0903F00F03044AD35C1A467B68C6
:10F01800D34018460837BD4680BD00BFF010010830
:10F0280080B582B000AF7860FFF762FD03461B0A27
:10F03800044AD35C1A467B68D34018460837BD4655
:10F0480080BD00BF0011010880B582B000AF7860B4
:10F05800FFF75CFD0346DB0A044AD35C1A467B686B
:10F06800D34018460837BD4680BD00BF00110108CF
:10F0780090B583B000AFFFF77FFD38603B68032B86
:10F0880036D03B68032B36D83B68012B03D03B684E
:10F09800022B2AD02FE0FFF7E1FC0346002B11D109
:10F0A800FFF7DCFC0346002B04D0FFF7E9FC03461E
:10F0B8001B0A03E0FFF7F2FC03461B0A2F4A52F82B
:10F0C800233010E0FFF7CAFC0346002B04D0FFF7FB
:10F0D800D7FC03461B0903E0FFF7E0FC03461B09C6
:10F0E800264A52F823307B602FE0254B7B602CE0CA
:10F0F800244B7B6029E0FFF7B1FC0346002B11D1BC
:10F10800FFF7ACFC0346002B04D0FFF7B9FC03461D
:10F118001B0A03E0FFF7C2FC03461B0A174A52F812
:10F12800233010E0FFF79AFC0346002B04D0FFF7CA
:10F13800A7FC03461B0903E0FFF7B0FC03461B09C5
:10F148000E4A52F823307B6000BFFFF73FFD0346AD
:10F158001B0901337A68B2FBF3F4FFF71BFD034682
:10F1680003FB04F4FFF724FD03465B0E01335B0049
:10F17800B4FBF3F318460C37BD4690BD08110108DF
:10F188000024F40000127A0080B586B000AFF86061
:10F19800B9601346FB71FB68002B01D103231FE004
:10F1A800FB680022C3F8B822FB680022C3F8C0221B
:10F1B800FB680022C3F8CC22BB68002B03D0FB6895
:10F1C800BA68C3F8B422FB68012283F89C22FB6862
:10F1D800FA791A70F868F9F7ABFB0346FB75FB7D03
:10F1E80018461837BD4680BD80B584B000AF78603A
:10F1F80039600023FB813B68002B01D1032316E013
:10F208007B683A68C3F8B8227B68D3F8B832DB6AFF
:10F21800002B0BD07B68D3F8B832DB6A07F10E02FB
:10F228001046984702467B68C3F8CC22002318464C
:10F238001037BD4680BD80B582B000AF7860786871
:10F24800F9F7C2FB034618460837BD4680BD80B4AF
:10F2580083B000AF7860002318460C37BD465DF8D0
:10F26800047B704780B584B000AF78600B46FB70B4
:10F278000323FB737B68D3F8B832002B09D07B6873
:10F28800D3F8B8321B68FA7811467868984703466D
:10F29800FB73FB7B18461037BD4680BD80B582B036
:10F2A80000AF78600B46FB707B68D3F8B832002B50
:10F2B80007D07B68D3F8B8325B68FA78114678686B
:10F2C8009847002318460837BD4680BD80B584B0EE
:10F2D80000AF786039607B6803F2AA233968184662
:10F2E80000F0BAFF7B680122C3F894227B68B3F868
:10F2F800B0321A467B68C3F898227B6893F8AA3222
:10F3080003F01F03022B1AD0022B22D8002B02D0A5
:10F31800012B0AD01DE07B6803F2AA2319467868FE
:10F3280000F062FA0346FB7320E07B6803F2AA232D
:10F338001946786800F0C6FA0346FB7316E07B6846
:10F3480003F2AA231946786800F005FB0346FB730D
:10F358000CE07B6893F8AA3223F07F03DBB21946EE
:10F368007868F9F7D7FB0346FB7300BFFB7B1846A9
:10F378001037BD4680BD80B586B000AFF8600B463B
:10F388007A60FB72FB7A002B38D1FB6803F5AA730D
:10F398003B61FB68D3F89432032B4AD13B699A68E6
:10F3A8003B69DB689A4213D93B699A683B69DB6819
:10F3B800D21A3B699A603B69DA683B699B68934259
:10F3C80028BF13461A467968F86801F039F830E022
:10F3D800FB6893F89C32DBB2032B0BD1FB68D3F8A4
:10F3E800B8321B69002B05D0FB68D3F8B8321B690B
:10F3F800F8689847F86801F034F81AE0FB6893F861
:10F408009C32DBB2032B14D1FB68D3F8B8329B696A
:10F41800002B0ED0FB68D3F8B8329B69FA7A1146F4
:10F42800F86898470346FB75FB7D002B01D0FB7DF0
:10F4380000E0002318461837BD4680BD80B586B069
:10F4480000AFF8600B467A60FB72FB7A002B6BD139
:10F45800FB6814333B61FB68D3F89432022B56D116
:10F468003B699A683B69DB689A4214D93B699A6898
:10F478003B69DB68D21A3B699A603B699B681A460C
:10F488007968F86800F0AEFF002300220021F868D0
:10F49800F9F746FC3BE03B69DA683B699B689A42AE
:10F4A8001CD13B695A683B69DB689A4216D33B69B1
:10F4B8005A68FB68D3F898329A420FD2002200218A
:10F4C800F86800F08FFFFB680022C3F89822002339
:10F4D80000220021F868F9F723FC18E0FB6893F88C
:10F4E8009C32DBB2032B0BD1FB68D3F8B832DB6854
:10F4F800002B05D0FB68D3F8B832DB68F86898476A
:10F508008021F868F9F706FBF86800F0BDFFFB6892
:10F5180093F8A032012B22D1F868FFF798FEFB6818
:10F52800002283F8A0221AE0FB6893F89C32DBB231
:10F53800032B14D1FB68D3F8B8325B69002B0ED0CB
:10F54800FB68D3F8B8325B69FA7A1146F8689847CD
:10F558000346FB75FB7D002B01D0FB7D00E00023FB
:10F5680018461837BD4680BD80B582B000AF7860B8
:10F578007B68012283F89C227B680022C3F89422CE
:10F588007B6800225A607B680022C3F8A4227B684B
:10F59800D3F8B832002B01D103232FE07B68D3F8CE
:10F5A800BC32002B0FD07B68D3F8B8325B68002BD5
:10F5B80009D07B68D3F8B8325B687A685268D2B2EF
:10F5C8001146786898474023002200217868F9F7A7
:10F5D8002DFA7B680122A3F864217B684022C3F8D6
:10F5E80060214023002280217868F9F71FFA7B68A0
:10F5F80001229A847B6840221A6200231846083741
:10F60800BD4680BD80B483B000AF78600B46FB7008
:10F618007B68FA781A74002318460C37BD465DF8E3
:10F62800047B704780B483B000AF78607B6893F840
:10F638009C32DAB27B6883F89D227B68042283F8C7
:10F648009C22002318460C37BD465DF8047B7047A2
:10F6580080B483B000AF78607B6893F89C32DBB2EB
:10F66800042B06D17B6893F89D32DAB27B6883F865
:10F678009C22002318460C37BD465DF8047B704772
:10F6880080B582B000AF78607B68D3F8B832002BC1
:10F6980001D1032312E07B6893F89C32DBB2032B81
:10F6A8000BD17B68D3F8B832DB69002B05D07B68B7
:10F6B800D3F8B832DB6978689847002318460837CA
:10F6C800BD4680BD80B582B000AF78600B46FB7048
:10F6D8007B68D3F8B832002B01D1032314E07B6890
:10F6E80093F89C32DBB2032B0DD17B68D3F8B83288
:10F6F8001B6A002B07D07B68D3F8B8321B6AFA78EC
:10F70800114678689847002318460837BD4680BDDB
:10F7180080B582B000AF78600B46FB707B68D3F889
:10F72800B832002B01D1032314E07B6893F89C3294
:10F73800DBB2032B0DD17B68D3F8B8325B6A002BA0
:10F7480007D07B68D3F8B8325B6AFA7811467868D4
:10F758009847002318460837BD4680BD80B483B05B
:10F7680000AF7860002318460C37BD465DF8047B6F
:10F77800704780B582B000AF78607B68012283F85B
:10F788009C227B68D3F8B832002B09D07B68D3F869
:10F79800B8325B687A685268D2B21146786898477E
:10F7A800002318460837BD4680BD80B487B000AF37
:10F7B80078607B687B617B691B787B827B6901331E
:10F7C8007B617B691B783B823B8A1B021AB2B7F9C3
:10F7D800123013431BB2FB81FB8918461C37BD4608
:10F7E8005DF8047B7047000080B584B000AF786096
:10F7F80039600023FB733B681B7803F06003402BE0
:10F8080005D0402B53D8002B0BD0202B4FD17B6831
:10F81800D3F8B8329B683968786898470346FB7311
:10F828004AE03B685B78092B3BD801A252F823F0E9
:10F838008DF80008A1F80008ABF8000897F8000850
:10F84800ABF800086BF8000861F80008ABF800088E
:10F8580083F8000875F800083968786800F0DEF960
:10F8680024E03968786800F06DFB1FE03968786833
:10F8780000F0ACFB0346FB7318E03968786800F0C9
:10F888004BFC13E03968786800F07CFC0EE03968BE
:10F89800786800F0ABFC09E03968786800F0BAFCD9
:10F8A80004E03968786800F011FD00BF04E03968A9
:10F8B800786800F00BFD00BFFB7B18461037BD468B
:10F8C80080BD00BF80B584B000AF78603960002388
:10F8D800FB733B681B7803F06003402B05D0402B7B
:10F8E8002FD8002B01D0202B2BD17B6893F89C328A
:10F8F800DBB2013B022B1DD83B689B88DBB2012B96
:10F9080013D87B68D3F8B8329B6839687868984709
:10F918000346FB733B68DB88002B10D1FB7B002B75
:10F928000DD1786800F09DFD09E03968786800F02D
:10F93800CDFC04E03968786800F0C8FC00E000BF3E
:10F9480004E03968786800F0C1FC00BFFB7B18460A
:10F958001037BD4680BD80B584B000AF786039608F
:10F968000023FB733B689B88BB733B681B7803F0E1
:10F978006003402B07D0402B00F24581002B0CD0B0
:10F98800202B40F040817B68D3F8B8329B683968F7
:10F99800786898470346FB733AE13B685B78032B2A
:10F9A80007D0032B00F32981002B7FD0012B3CD0FB
:10F9B80023E17B6893F89C32DBB2022B02D0032B45
:10F9C80016D02CE0BB7B002B0DD0BB7B802B0AD044
:10F9D800BB7B19467868F9F79DF880217868F9F7B4
:10F9E80099F800BF20E03968786800F06FFC1BE0E8
:10F9F8003B685B88002B0ED1BB7B002B0BD0BB7BFD
:10FA0800802B08D03B68DB88002B04D1BB7B1946D0
:10FA18007868F9F77FF8786800F023FD04E0396822
:10FA2800786800F053FC00BFECE07B6893F89C32E8
:10FA3800DBB2022B02D0032B16D030E0BB7B002BAD
:10FA48000DD0BB7B802B0AD0BB7B19467868F9F7B1
:10FA580061F880217868F9F75DF800BF25E039681A
:10FA6800786800F033FC20E03B685B88002B1BD1F2
:10FA7800BB7B03F07F03002B04D0BB7B194678685F
:10FA8800F9F77EF8786800F0ECFC7B68D3F8B832B8
:10FA98009B683968786898470346FB7304E03968BF
:10FAA800786800F013FC00E000BFABE07B6893F8D7
:10FAB8009C32DBB2022B02D0032B32D097E0BB7B07
:10FAC800002B07D0BB7B802B04D03968786800F006
:10FAD800FDFB91E097F90E30002B0BDABB7B03F0AE
:10FAE8007F0213469B0013449B0010337A6813442B
:10FAF80004330BE0BB7B03F07F0213469B001344E7
:10FB08009B0003F5A8737A6813440433BB60BB6891
:10FB180000221A60BB6802221946786800F047FC88
:10FB28006AE097F90E30002B11DABB7B03F00F0265
:10FB3800796813469B0013449B000B4424331B88AD
:10FB4800002B17D13968786800F0C0FB54E0BB7B04
:10FB580003F00F02796813469B0013449B000B4483
:10FB680003F5B2731B88002B04D13968786800F05C
:10FB7800ADFB41E097F90E30002B0BDABB7B03F0AD
:10FB88007F0213469B0013449B0010337A6813448A
:10FB980004330BE0BB7B03F07F0213469B00134446
:10FBA8009B0003F5A8737A6813440433BB60BB7BDE
:10FBB800002B02D0BB7B802B03D1BB6800221A60CC
:10FBC8000EE0BB7B19467868F9F710F80346002B5E
:10FBD80003D0BB6801221A6002E0BB6800221A60E9
:10FBE800BB6802221946786800F0E1FB04E0396836
:10FBF800786800F06BFB00BF04E03968786800F0B3
:10FC080065FB00BF04E03968786800F05FFB00BF5F
:10FC1800FB7B18461037BD4680BD000080B584B018
:10FC280000AF7860396000233B810023FB6000232C
:10FC3800FB723B685B881B0A9BB2013B0E2B00F2F0
:10FC4800528101A252F823F0C1FC0008D9FC000837
:10FC580019FD0008EFFE0008EFFE00088FFE0008FF
:10FC6800BBFE0008EFFE0008EFFE0008EFFE0008EC
:10FC7800EFFE0008EFFE0008EFFE0008EFFE0008A8
:10FC88008DFC00087B68D3F8B432DB69002B0BD0FD
:10FC98007B68D3F8B432DB697A68127C07F1080113
:10FCA80010469847F86026E13968786800F00EFB3E
:10FCB800FB7A0133FB721EE17B68D3F8B4321B6810
:10FCC8007A68127C07F1080110469847F86012E13B
:10FCD8007B681B7C002B0DD17B68D3F8B8329B6AFC
:10FCE80007F1080210469847F860FB6801330222C2
:10FCF8001A7000E17B68D3F8B832DB6A07F10802B2
:10FD080010469847F860FB68013302221A70F2E047
:10FD18003B685B88DBB2052B00F2AC8001A252F88D
:10FD280023F000BF45FD000879FD0008ADFD00087F
:10FD3800E1FD000815FE000849FE00087B68D3F8BD
:10FD4800B4325B68002B0BD07B68D3F8B4325B68A5
:10FD58007A68127C07F1080110469847F86091E02C
:10FD68003968786800F0B2FAFB7A0133FB7289E0EF
:10FD78007B68D3F8B4329B68002B0BD07B68D3F830
:10FD8800B4329B687A68127C07F1080110469847DC
:10FD9800F86077E03968786800F098FAFB7A013300
:10FDA800FB726FE07B68D3F8B432DB68002B0BD0B2
:10FDB8007B68D3F8B432DB687A68127C07F10801F3
:10FDC80010469847F8605DE03968786800F07EFA78
:10FDD800FB7A0133FB7255E07B68D3F8B4321B69B8
:10FDE800002B0BD07B68D3F8B4321B697A68127C7D
:10FDF80007F1080110469847F86043E039687868C9
:10FE080000F064FAFB7A0133FB723BE07B68D3F8BD
:10FE1800B4325B69002B0BD07B68D3F8B4325B69D2
:10FE28007A68127C07F1080110469847F86029E0C3
:10FE38003968786800F04AFAFB7A0133FB7221E0EE
:10FE48007B68D3F8B4329B69002B0BD07B68D3F85E
:10FE5800B4329B697A68127C07F10801104698470A
:10FE6800F8600FE03968786800F030FAFB7A0133FF
:10FE7800FB7207E03968786800F028FAFB7A0133EA
:10FE8800FB7200BF37E07B681B7C002B09D17B68C5
:10FE9800D3F8B8325B6B07F1080210469847F86050
:10FEA80029E03968786800F011FAFB7A0133FB72AF
:10FEB80021E07B681B7C002B0DD17B68D3F8B8321E
:10FEC8001B6B07F1080210469847F860FB6801337E
:10FED80007221A700FE03968786800F0F7F9FB7AA2
:10FEE8000133FB7207E03968786800F0EFF9FB7AB4
:10FEF8000133FB7200BFFB7A002B1ED13B68DB8805
:10FF0800002B16D03B89002B0ED03B68DA883B8942
:10FF1800934228BF13469BB23B813B891A46F96836
:10FF2800786800F044FA09E03968786800F0CEF99A
:10FF380004E0786800F095FA00E000BF1037BD468D
:10FF480080BD00BF80B584B000AF786039603B6881
:10FF58009B88002B31D13B68DB88002B2DD13B6877
:10FF68005B887F2B29D83B685B88DBB203F07F0373
:10FF7800FB737B6893F89C32DBB2032B04D139689E
:10FF8800786800F0A3F91DE07B68FA7B83F89E226D
:10FF9800FB7B19467868F8F755FE786800F061FA37
:10FFA800FB7B002B04D07B68022283F89C2209E0AB
:10FFB8007B68012283F89C2204E03968786800F0A5
:10FFC80085F900BF00BF1037BD4680BD80B584B03D
:10FFD80000AF786039600023FB733B685B88DAB256
:10FFE8004C4B1A704B4B1B78012B05D93968786834
:08FFF80000F06CF9032388E01E
:020000040801F1
:100000007B6893F89C32DBB2022B02D0032B25D005
:1000100071E0424B1B78002B1CD0404B1B781A46DA
:100020007B685A603D4B1B7819467868FFF71EF9CC
:100030000346FB73FB7B002B04D03968786800F023
:1000400049F965E0786800F010FA7B68032283F8CC
:100050009C225DE0786800F008FA59E02F4B1B788D
:10006000002B12D17B68022283F89C222B4B1B7839
:100070001A467B685A60294B1B7819467868FFF747
:1000800011F9786800F0F1F942E0244B1B781A4628
:100090007B685B689A422AD07B685B68DBB2194652
:1000A0007868FFF7FFF81D4B1B781A467B685A608B
:1000B0001A4B1B7819467868FFF7D8F80346FB738C
:1000C000FB7B002B0FD03968786800F003F97B6860
:1000D0005B68DBB219467868FFF7E4F87B680222B8
:1000E00083F89C2214E0786800F0BFF910E078688B
:1000F00000F0BBF90CE03968786800F0EBF8074BCA
:100100001B7819467868FFF7CDF80323FB7300BF0F
:10011000FB7B18461037BD4680BD00BF2854002029
:1001200080B582B000AF786039603B68DB88012B16
:1001300004D03968786800F0CDF823E07B6893F844
:100140009C32DBB2022B02DC002B03DC15E0032B1C
:100150000BD012E07B6800229A607B680833012292
:100160001946786800F027F90CE07B680433012217
:100170001946786800F01FF904E03968786800F0E3
:10018000A9F800BF00BF0837BD4680BD80B582B06A
:1001900000AF786039607B6893F89C32DBB2013B3A
:1001A000022B1ED83B68DB88022B04D039687868A4
:1001B00000F090F81AE07B680122DA607B68D3F8DF
:1001C000A432002B05D07B68DB6843F002027B6819
:1001D000DA607B680C3302221946786800F0EBF88D
:1001E00004E03968786800F075F800BF00BF083790
:1001F000BD4680BD80B582B000AF786039603B6895
:100200005B88012B06D17B680122C3F8A4227868A1
:1002100000F02BF900BF0837BD4680BD80B582B025
:1002200000AF786039607B6893F89C32DBB2013BA9
:10023000022B0BD83B685B88012B0CD17B6800221A
:10024000C3F8A422786800F010F904E039687868EF
:1002500000F040F800E000BF00BF0837BD4680BD99
:1002600080B584B000AF786039603B68FB60FB68A4
:100270001A787B681A70FB680133FB60FB681A7898
:100280007B685A70FB680133FB60F868FFF791FAEE
:1002900003461A467B685A80FB680133FB60FB68A3
:1002A0000133FB60F868FFF784FA03461A467B685F
:1002B0009A80FB680133FB60FB680133FB60F868E0
:1002C000FFF777FA03461A467B68DA8000BF1037DB
:1002D000BD4680BD80B582B000AF786039608021B6
:1002E0007868F8F71BFC00217868F8F717FC00BF66
:1002F0000837BD4680BD80B586B000AFF860B960F4
:100300007A600023FB75FB68002B36D0FB683B61ED
:10031000386900F036F8034601339BB25B009AB2AD
:100320007B681A80FB7DBA6813447A6812781A7069
:10033000FB7D0133FB75FB7DBA68134403221A7001
:10034000FB7D0133FB7513E0FB7DBA6813443A690A
:1003500012781A703B6901333B61FB7D0133FB75F9
:10036000FB7DBA68134400221A70FB7D0133FB75D4
:100370003B691B78002BE7D100E000BF1837BD4672
:1003800080BD80B485B000AF78600023FB737B68CC
:10039000BB6005E0FB7B0133FB73BB680133BB60D3
:1003A000BB681B78002BF5D1FB7B18461437BD4684
:1003B0005DF8047B704780B584B000AFF860B96029
:1003C0007A60FB680222C3F89422FB687A689A611B
:1003D000FB687A68DA617B68BA680021F868F8F728
:1003E0006BFC002318461037BD4680BD80B584B035
:1003F00000AFF860B9607A607B68BA680021F8687D
:10040000F8F75AFC002318461037BD4680BD80B56A
:1004100084B000AFF860B9607A60FB680322C3F86B
:100420009422FB687A68C3F85821FB687A68C3F89D
:100430005C217B68BA680021F868F8F775FC002336
:1004400018461037BD4680BD80B584B000AFF86057
:10045000B9607A607B68BA680021F868F8F764FCD4
:10046000002318461037BD4680BD80B582B000AF6E
:1004700078607B680422C3F89422002300220021C4
:100480007868F8F719FC002318460837BD4680BD88
:1004900080B582B000AF78607B680522C3F89422F3
:1004A0000023002200217868F8F73EFC002318465C
:1004B0000837BD4680BD80B584B000AF78600B467C
:1004C000FB704FF40770F8F7C9FCF860FB68002B6D
:1004D00005D17B680022C3F8BC22022366E07B685A
:1004E000FA68C3F8BC227B681B7C002B19D14FF43F
:1004F0000073022281217868F8F79CFA7B68012258
:100500001A874FF40073022201217868F8F792FAF3
:100510007B680122A3F878217B681022A3F84E2083
:1005200016E04023022281217868F8F783FA7B687D
:1005300001221A874023022201217868F8F77AFA0B
:100540007B680122A3F878217B681022A3F84E2053
:100550000823032282217868F8F76CFA7B6801226D
:10056000A3F84C207B68D3F8C0321B689847FB681F
:100570000022C3F81422FB680022C3F818227B680B
:100580001B7C002B09D1FB68D3F804224FF40073C5
:1005900001217868F8F7C8FB07E0FB68D3F804226C
:1005A000402301217868F8F7BFFB00231846103775
:1005B000BD4680BD80B582B000AF78600B46FB7051
:1005C00081217868F8F774FA7B6800221A87012184
:1005D0007868F8F76DFA7B680022A3F87821822109
:1005E0007868F8F765FA7B680022A3F84C207B68EE
:1005F0000022A3F84E207B68D3F8BC32002B0ED02B
:100600007B68D3F8C0325B6898477B68D3F8BC320C
:100610001846F8F731FC7B680022C3F8BC2200239F
:1006200018460837BD4680BD80B586B000AF7860FB
:1006300039607B68D3F8BC323B6100237B730023B5
:100640007B810023FB753B69002B01D10323AFE0C5
:100650003B681B7803F06003002B3FD0202B40F059
:100660009F803B68DB88002B2ED03B681B785BB2F9
:10067000002B16DA7B68D3F8C0329B683A68507852
:1006800039693A68D28898473B68DB88072B28BFCE
:100690000723FB813B69FA8919467868FFF78BFECF
:1006A00085E03B685A783B6983F800223B68DB8829
:1006B000DAB23B6983F8012239693B68DB881A4664
:1006C0007868FFF7A4FE72E07B68D3F8C0329B68BD
:1006D0003A68507800223968984768E03B685B7850
:1006E0000B2B52D801A252F823F000BF1D070108BE
:1006F000990701088B0701088B0701088B07010880
:100700008B0701088B0701088B0701088B0701087D
:100710008B07010847070108710701087B6893F8F8
:100720009C32DBB2032B07D107F10A0302221946E0
:100730007868FFF740FE32E039687868FFF7CAFD55
:100740000323FB752BE07B6893F89C32DBB2032B11
:1007500007D107F10D03012219467868FFF72BFE38
:100760001DE039687868FFF7B5FD0323FB7516E0D7
:100770007B6893F89C32DBB2032B0FD03968786822
:10078000FFF7A8FD0323FB7508E039687868FFF7D9
:10079000A1FD0323FB7502E000BF08E000BF06E0F7
:1007A00039687868FFF796FD0323FB7500BFFB7D72
:1007B00018461837BD4680BD80B584B000AF78605C
:1007C0000B46FB707B68D3F8C432FB607B68D3F8C0
:1007D000BC32002B01D103234FE07B68D3F8BC323D
:1007E000BB60FA78796813469B0013449B000B4466
:1007F00018331B68002B29D0FA78796813469B00C0
:1008000013449B000B4418331A68F978F8680B46B8
:10081000DB000B449B00034448331B68B2FBF3F13D
:1008200001FB03F3D31A002B10D1FA787968134631
:100830009B0013449B000B44183300221A60F97884
:10084000002300227868F8F737FA15E0BB68002229
:10085000C3F814227B68D3F8C0321B69002B0BD07D
:100860007B68D3F8C0321B69BA68D2F80802BA684C
:1008700002F50471FA789847002318461037BD46F0
:1008800080BD80B584B000AF78600B46FB707B689C
:10089000D3F8BC32FB607B68D3F8BC32002B01D1AB
:1008A000032315E0FB7819467868F8F775FA0246D5
:1008B000FB68C3F80C227B68D3F8C032DB68FA68A7
:1008C000D2F80402FA6802F5037211469847002331
:1008D00018461037BD4680BD80B584B000AF786043
:1008E0007B68D3F8BC32FB60FB68002B01D103238B
:1008F0001BE07B68D3F8C032002B15D0FB6893F85F
:100900000032FF2B10D07B68D3F8C0329B68FA68A6
:1009100092F80002F968FA6892F8012292B29847B8
:10092000FB68FF2283F80022002318461037BD46DB
:1009300080BD000080B483B000AF78607B68432244
:100940001A80034B18460C37BD465DF8047B704790
:10095000DC01002080B483B000AF78607B68432264
:100960001A80034B18460C37BD465DF8047B704770
:100970009801002080B483B000AF78607B68432288
:100980001A80034B18460C37BD465DF8047B704750
:100990002002002080B483B000AF78607B680A2218
:1009A0001A80034B18460C37BD465DF8047B704730
:1009B0005401002080B483B000AF786039603B6898
:1009C000002B01D1032304E07B683A68C3F8C022FE
:1009D000002318460C37BD465DF8047B704780B491
:1009E00087B000AFF860B9607A60FB68D3F8BC32BA
:1009F0007B617B69002B01D1032308E07B69BA6826
:100A0000C3F808227B697A68C3F8102200231846CD
:100A10001C37BD465DF8047B704780B485B000AFDD
:100A2000786039607B68D3F8BC32FB60FB68002BD0
:100A300001D1032304E0FB683A68C3F804220023D1
:100A400018461437BD465DF8047B704780B584B006
:100A500000AF78607B68D3F8BC32BB600123FB73C6
:100A60007B68D3F8BC32002B01D103231AE0BB68AA
:100A7000D3F81432002B14D1BB680122C3F814221E
:100A8000BB68D3F810227B68DA62BB68D3F808220F
:100A9000BB68D3F8103281217868F8F70DF900238C
:100AA000FB73FB7B18461037BD4680BD80B584B014
:100AB00000AF78607B68D3F8BC32FB607B68D3F80A
:100AC000BC32002B01D1032316E07B681B7C002B7A
:100AD00009D1FB68D3F804224FF400730121786830
:100AE000F8F722F907E0FB68D3F80422402301213C
:100AF0007868F8F719F9002318461037BD4680BD0D
:100B000080B400AF064BD3F88830054A43F4700335
:100B1000C2F8883000BFBD465DF8047B704700BF57
:100B200000ED00E0DFF834D0FFF7EAFF0C480D4994
:100B30000D4A002302E0D458C4500433C4188C4238
:100B4000F9D30A4A0A4C002301E013600432A2429E
:100B5000FBD300F045FAF4F7FBFFFEE7008001202D
:100B600000000020B802002050110108B802002047
:100B700064550020FEE780B582B000AF78607868E9
:100B8000F4F75CFF00BF0837BD4680BD80B582B07A
:100B900000AF78607868FFF7EEFF00BF0837BD460A
:100BA00080BD80B584B000AF78607B68FB60FB6877
:100BB000DB43FB60F868FFF7DEFF00BF1037BD4680
:100BC00080BD0000F8B52DED028B55EC114B57ECB4
:100BD000106B00F0B9F83046394622462B46B0EE8D
:100BE000408AF0EE608AEFF725FF30B9002200233B
:100BF00020462946EFF7ECFE30B9B0EE480AF0EE99
:100C0000680ABDEC028BF8BD00F0E4F90022002375
:100C10002121016010461946EFF79CFD41EC180BAD
:100C2000B0EE480AF0EE680ABDEC028BF8BD00BFDA
:100C300051EC100B2DE9F843C1F30A53A3F2FF3531
:100C4000132D10EE106A10EE107A0C4632DC002DD7
:100C500020DB3B4B43FA05F901EA090303438846CD
:100C60002DD035A3D3E90023EFF794FA0022002317
:100C7000EFF7D6FE40B1002C03DA4FF480132B417E
:100C8000984428EA090400262346324643EC102BF8
:100C9000BDE8F88328A3D3E90023EFF77BFA00220D
:100CA0000023EFF7BDFE0028EED0002C2CDB002641
:100CB0003446E9E7332D06DDB5F5806F1CD041ECF5
:100CC000100BBDE8F883A3F213434FF0FF3828FA66
:100CD00003F810EA080FF2D017A3D3E90023EFF7C7
:100CE00059FA00220023EFF79BFE0028CCD0002CFD
:100CF00016DB27EA0806C7E710EE102A0B46EFF7C7
:100D000049FA41EC100BDCE724F0004434430D4B6E
:100D1000002C4FF000060CBF4FF000441C46B3E718
:100D2000142D06D0C5F134050123AB401F44BE424B
:100D3000DFD90134DDE700BF9C7500883CE4377ED5
:100D4000FFFF0F000000F0BF2DE9F84353EC112B1B
:100D500023F0004E5EEA020451EC100B33D0934CAA
:100D600021F00049A14588462DDC5442904E1443A1
:100D70004EEAD474B44211EE107A24D8F1459C4660
:100D800011EE105A10EE103A024601F0004406DC53
:100D9000C0F2BD80B842C0F0BA8000F0EF80844954
:100DA00008EA0101C9B9B9F1000F40F0D080002B69
:100DB000184640F3F880A1F213414000002801F1E9
:100DC000FF31FADC0DE0EFF79BFB02460B46EFF735
:100DD000C1FC41EC100BBDE8F8834FEA2951A1F2A8
:100DE000FF3173480CEA000068B9BEF1000F40F013
:100DF000A280002F6F4E384609DD4000002806F122
:100E0000FF36FADC03E04FEA2E56A6F2FF366A48B8
:100E100081426FDBC8F3130343F4801366488642B4
:100E200058DBCCF3130C4CF4801CD01B891B0BD16A
:100E30001DE050EA0E0345D04FEADE73013903EBA3
:100E400040034FEA4E0211D0A3EB0C00954288BF3D
:100E500000F1FF300028A2EB050E4FEAD277E8DA66
:100E6000013907EB43034FEA4202EDD1501BA3EBDC
:100E70000C0C954288BF0CF1FF3CBCF1000FA4BFE5
:100E80000246634653EA020105D11BE0D10F01EB94
:100E900043035200013EB3F5801FF7DB46498E4203
:100EA00061DA891B14296FDC06F21E40CA4003FA7E
:100EB00000F043FA01F110430C432346024643EC91
:100EC000102B88E73D4BE40F03EBC40393ED000BBD
:100ED000BDE8F883801B1F2821DD3948891BA0EB62
:100EE000060C07FA0CFC18BF0025ADD1A3EB0C0CC7
:100EF0001046C2E7401A1F280CDC09FA00F903FA71
:100F000000F201F21E40C34043EA090386E741ECC8
:100F1000100B60E72A4A521A934000227EE706F23D
:100F20001E4C0EFA00FE07FA00F527FA0CFC4CEAFC
:100F30000E0C501B7AE74FEACE2000281E4E7FF79A
:100F400066AF4000002806F1FF36FADC5FE74FEAA3
:100F5000C920002818497FF744AF4000002801F15C
:100F6000FF31FADC3DE7A3F58013234306F2FF3699
:100F700043EA0651104641EC100B2CE70F4B03EBF4
:100F8000147393ED000B26E71F2907DC06F21E40C1
:100F900022FA01F103FA00F008438EE70848801BAB
:100FA00043FA00F089E703491BE700BFFFFFEF7F2B
:100FB0000000F07FEDFBFFFF02FCFFFF381101088E
:100FC000E2FBFFFF02440346934200D1704703F85F
:100FD000011BF9E7014B1868704700BFB4020020FD
:100FE00070B50D4D0D4C641BA4100026A64209D10E
:100FF0000B4D0C4C00F026F8641BA4100026A642F2
:1010000005D170BD55F8043B98470136EEE755F819
:10101000043B98470136F2E74811010848110108DE
:10102000481101084C1101080A44914200F1FF33B4
:1010300000D1704710B511F8014B03F8014F9142F0
:10104000F9D110BDF8B500BFF8BC08BC9E4670478A
:0C105000F8B500BFF8BC08BC9E46704715
:101060004A4A4100333039390000000053544D33AF
:1010700032205669727475616C20436F6D506F72C7
:101080007400000053544D6963726F656C6563743E
:10109000726F6E696373000043444320436F6E6652
:1010A0006967000043444320496E7465726661635A
:1010B00065000000081C3044586C8000302300207C
:1010C0000100000000000000081C3044586C800043
:1010D000000000000404043C3C0000000000080084
:1010E0000000080008000000081C3044586C800014
:1010F00000000000000000000102030406070809C8
:101100000000000001020304A0860100400D03005E
:10111000801A060000350C0040420F0080841E003B
:1011200000093D0000127A000024F40000366E0130
:101130000048E801006CDC02000000000000000034
:08114000000000000000008027
:04114800F90B000897
:04114C00D10B0008BB
:10115000000000000000F03F000000000000F03F31
:10116000000000000000000000000000000000007F
:10117000000000000000000000000000000000006F
:10118000000000000000000000000000000000005F
:10119000000000000000000000000000000000004F
:1011A000000000000000000000000000000000003F
:1011B00040D300000000000000000000000000001C
:1011C000000000000000000000000000000000001F
:1011D000000000000000000000000000000000000F
:1011E00000000000000000000000000000000000FF
:1011F00000000000000000000000000000000000EF
:1012000000000000000000000000000000000000DE
:1012100000000000000000000000000000000000CE
:101220000000000000000000998E0008BD8E00083C
:101230001D8F0008E18E0008458F0008698F0008A7
:10124000A58F0008E18F0008120101020202004090
:10125000830440570002010203010000050F0C0047
:101260000107100202000000040309041A03000031
:10127000000000000000000000000000000000006E
:101280000000000000000000DD900008059100084B
:1012900015910008D1910008659200081000000027
:1012A000010000000A0600020000004001000000EA
:1012B000B7040108B505010829060108000000006F
:1012C000D9080108B90701088308010800000000D7
:1012D0000000000000000000550901083509010860
:1012E000750901089509010809024300020100C0BF
:1012F000320904000001020201000524001001056A
:1013000024010001042402020524060001070582CD
:101310000308001009040100020A0000000705018B
:1013200002000200070581020002000009024300DA
:10133000020100C03209040000010202010005247C
:101340000010010524010001042402020524060006
:10135000010705820308001009040100020A0000C9
:10136000000705010240000007058102400000005F
:1013700009074300020104C032090400000102020F
:1013800001000524001001052401000104240202CB
:101390000524060001070582030800100904010066
:1013A000020A000000070501024000000705810253
:1013B0004000000000093D00000000002C54002007
:1013C00094540020FC5400200000000000000000A5
:1013D000000000000000000000000000000000000D
:1013E00000000000000000000000000000000000FD
:1013F00000000000000000000000000000000000ED
:0814000000000000680200205A
:0400000508010B25BE
:00000001FF
